<?xml version="1.0" encoding="iso-8859-1" ?>
<newsitem itemid="2290" id="root" date="1996-08-20" xml:lang="en">
<title>USA: Planet Hollywood launches credit card.</title>
<headline>Planet Hollywood launches credit card.</headline>
<dateline>LOS ANGELES</dateline>
<text>
<p>If dining at Planet Hollywood made you feel like a movie star, now you can spend money like Arnold Schwarzenegger with a new credit card from the themed restaurant chain.</p>
<p>The fast growing company, whose outlets are festooned with kitsch movie memorabilia, has teamed up with the William Morris talent agency and MBNA America Bank of Wilmington, Del., to offer a credit card with appropriate Hollywood perks.</p>
<p>These include preferential seating in the restaurants, a limited edition T-shirt and discounts on food and merchandise, a statement said. Planet Hollywood joins other pop culture companies such as Rolling Stone magazine that are issuing branded credit cards that make going into debt more fun than usual.</p>
<p>Approved applicants don't have to pay an annual fee, and there's a special introductory annual percentage rate of 5.9 percent for balance transfers and cash advance checks. Orlando, Florida-based Planet Hollywood is part of Planet Hollywood International Inc.</p>
</text>
<copyright>(c) Reuters Limited 1996</copyright>
<metadata>
<codes class="bip:countries:1.0">
  <code code="USA">
    <editdetail attribution="Reuters BIP Coding Group" action="confirmed" date="1996-08-20"/>
  </code>
</codes>
<codes class="bip:industries:1.0">
  <code code="I66100">
    <editdetail attribution="Reuters BIP Coding Group" action="confirmed" date="1996-08-20"/>
  </code>
  <code code="I81501">
    <editdetail attribution="Reuters BIP Coding Group" action="confirmed" date="1996-08-20"/>
  </code>
  <code code="I83954">
    <editdetail attribution="Reuters BIP Coding Group" action="confirmed" date="1996-08-20"/>
  </code>
</codes>
<codes class="bip:topics:1.0">
  <code code="C11">
    <editdetail attribution="Reuters BIP Coding Group" action="confirmed" date="1996-08-20"/>
  </code>
  <code code="C22">
    <editdetail attribution="Reuters BIP Coding Group" action="confirmed" date="1996-08-20"/>
  </code>
  <code code="CCAT">
    <editdetail attribution="Reuters BIP Coding Group" action="confirmed" date="1996-08-20"/>
  </code>
</codes>
<dc element="dc.publisher" value="Reuters Holdings Plc"/>
<dc element="dc.date.published" value="1996-08-20"/>
<dc element="dc.source" value="Reuters"/>
<dc element="dc.creator.location" value="LOS ANGELES"/>
<dc element="dc.creator.location.country.name" value="USA"/>
<dc element="dc.source" value="Reuters"/>
</metadata>
</newsitem>
