<?xml version="1.0" encoding="iso-8859-1" ?>
<newsitem itemid="2293" id="root" date="1996-08-20" xml:lang="en">
<title>USA: Sprint to offer consumer Internet access service.</title>
<headline>Sprint to offer consumer Internet access service.</headline>
<byline>Susan Nadeau</byline>
<dateline>CHICAGO</dateline>
<text>
<p>Sprint Corp. Tuesday announced plans to offer Internet access to consumers, jumping into the market to help millions of homes go online after similar moves by rivals AT&amp;T and MCI.</p>
<p>Kansas City, Mo.-based Sprint, which has operated a big chunk of the Internet for American businesses since 1992, said it would offer the service for free to 200,000 of its existing telephone customers until it is introduced widely in the fall.</p>
<p>After that, consumers will be able to choose a flat rate of $19.95 a month for unlimited access, or $1.50 an hour with no minimum or maximum usage requirement, the nation's third-largest long-distance company said.</p>
<p>&quot;We've been in the Internet, in fact profitable and making money in the Internet business, longer than anybody,&quot; said Jim Dodd, vice president of Internet Access Services for Sprint.</p>
<p>Industry analysts said Sprint took its time getting into the consumer side of the Internet access business to avoid some of the service glitches that have hurt its larger rivals.</p>
<p>&quot;Some others got not very good press,&quot; said Bette Massick Colombo at Bear Stearns &amp; Co. &quot;The fact that they are taking their time is okay. I don't think they've lost ground.&quot;</p>
<p>Sprint said the service, dubbed Sprint Internet Passport, will provide around-the-clock access to the global computer network with a local phone call in 212 cities to start, and in more than 300 cities by year-end.</p>
<p>The offering compares with the services rolled out by AT&amp;T Corp. and MCI Communications Corp. as well as regional Bell operating companies earlier this year.</p>
<p>AT&amp;T's entry into the market, which included some free access time, sparked a flurry of competition that sent shockwaves through the consumer Internet access business.</p>
<p>Sprint's service initially will support only the Netscape Navigator search software, but Dodd said the company was taking with Microsoft about including its Explorer &quot;browser&quot; software as well.</p>
<p>&quot;In our first release we won't support the Microsoft browser, but we expect them to be a part of our service shortly,&quot; Dodd said.</p>
<p>In 1992, Sprint became the first long-distance company to offer commercial Internet service, and now offers access to more than 1,000 Internet service providers and to a host of other businesses. Sprint also provides on-line access for most major proprietary online services.</p>
<p>Sprint has $12.8 billion in annual revenues and serves more than 15 million business and residential customers.</p>
<p>It said its offerings would also include Netscape Navigator, a rebate certificate for a high-speed modem, access speeds of up to 14.4 and 28.8 kilobits per second, a dedicated Web site with e-mail, news, directory and search services, and technical support online or through a toll-free 800 number.</p>
<p>Credit card billing will be offered.</p>
<p>Sprint stock fell 50 cents to $39 on the New York Stock Exchange.</p>
</text>
<copyright>(c) Reuters Limited 1996</copyright>
<metadata>
<codes class="bip:countries:1.0">
  <code code="USA">
    <editdetail attribution="Reuters BIP Coding Group" action="confirmed" date="1996-08-20"/>
  </code>
</codes>
<codes class="bip:industries:1.0">
  <code code="I33030">
    <editdetail attribution="Reuters BIP Coding Group" action="confirmed" date="1996-08-20"/>
  </code>
  <code code="I79020">
    <editdetail attribution="Reuters BIP Coding Group" action="confirmed" date="1996-08-20"/>
  </code>
</codes>
<codes class="bip:topics:1.0">
  <code code="C22">
    <editdetail attribution="Reuters BIP Coding Group" action="confirmed" date="1996-08-20"/>
  </code>
  <code code="CCAT">
    <editdetail attribution="Reuters BIP Coding Group" action="confirmed" date="1996-08-20"/>
  </code>
</codes>
<dc element="dc.publisher" value="Reuters Holdings Plc"/>
<dc element="dc.date.published" value="1996-08-20"/>
<dc element="dc.source" value="Reuters"/>
<dc element="dc.creator.location" value="CHICAGO"/>
<dc element="dc.creator.location.country.name" value="USA"/>
<dc element="dc.source" value="Reuters"/>
</metadata>
</newsitem>
