<?xml version="1.0" encoding="iso-8859-1" ?>
<newsitem itemid="2301" id="root" date="1996-08-20" xml:lang="en">
<title>USA: NYSE closing averages.</title>
<headline>NYSE closing averages.</headline>
<dateline>NEW YORK</dateline>
<text>
<p>Prices on the New York Stock Exchange closed mostly higher in moderate trading Tuesday.</p>
<p>The Dow Jones Industrial Average rose 21.82 to 5721.26.</p>
<p>The NYSE composite fell 0.03 to 356.61.</p>
<p>The average price per share was unchanged.</p>
<p>Gainers beat losers 1230 to 1068.</p>
<p>Volume was 334,948,330, compared with 293,930,290 Monday.</p>
</text>
<copyright>(c) Reuters Limited 1996</copyright>
<metadata>
<codes class="bip:countries:1.0">
  <code code="USA">
    <editdetail attribution="Reuters BIP Coding Group" action="confirmed" date="1996-08-20"/>
  </code>
</codes>
<codes class="bip:topics:1.0">
  <code code="M11">
    <editdetail attribution="Reuters BIP Coding Group" action="confirmed" date="1996-08-20"/>
  </code>
  <code code="MCAT">
    <editdetail attribution="Reuters BIP Coding Group" action="confirmed" date="1996-08-20"/>
  </code>
</codes>
<dc element="dc.publisher" value="Reuters Holdings Plc"/>
<dc element="dc.date.published" value="1996-08-20"/>
<dc element="dc.source" value="Reuters"/>
<dc element="dc.creator.location" value="NEW YORK"/>
<dc element="dc.creator.location.country.name" value="USA"/>
<dc element="dc.source" value="Reuters"/>
</metadata>
</newsitem>
