<?xml version="1.0" encoding="iso-8859-1" ?>
<newsitem itemid="2305" id="root" date="1996-08-20" xml:lang="en">
<title>USA: Decision nears on Indiana tobacco lawsuit.</title>
<headline>Decision nears on Indiana tobacco lawsuit.</headline>
<dateline>INDIANAPOLIS 1996-08-20</dateline>
<text>
<p>Another liability challenge to the tobacco industry headed toward a decision in court Tuesday, this one from the family of a man who began smoking at age six and died of lung cancer 46 years later.</p>
<p>A jury in Marion County Superior Court was expected to begin deliberations in the case on Wednesday or Thursday.</p>
<p>The widow and three teenaged children of Richard Rogers, an Indianapolis lawyer who died at the age of 52 in 1987, are seeking unspecified damages.</p>
<p>The lawsuit was moving toward a close as Kansas became the 11th state and Arizona the 12th to sue the tobacco industry to recover Medicaid costs of smokers.</p>
<p>Kansas Attorney General Carla Stovall and Arizona Attorney General Grant Woods held separate news conferences to discuss their states' litigation.</p>
<p>Also Tuesday, New York City's public advocate urged Mayor Rudolph Giuliani to sue the tobacco industry to recoup health care costs of smokers. Public Advocate Mark Green, in a letter to the mayor, said the city should join the group of states and the city of San Francisco in their efforts to obtain Medicaid funds from cigarette companies.</p>
<p>The Rogers case, similar to hundreds that have been filed across the country, comes on the heels of a one earlier this month in Jacksonville, Florida, where a jury awarded $750,000 to a man who smoked for 44 years before he was stricken with lung cancer.</p>
<p>In that case the jury said the Lucky Strikes he smoked were a defective product and that cigarette maker Brown &amp; Williamson Tobacco Corp. was negligent by failing to inform the public about the health risks of smoking.</p>
<p>Brown &amp; Williamson Tobacco Corp. is a unit of Britain's B.A.T Industries Plc.</p>
<p>In the Indianapolis case, which was tried once before and wound up in a hung jury, the Rogers family contended that the industry peddled an addictive product that was the cause of his lung cancer.</p>
<p>Rogers originally filed the suit himself. He quit smoking about a year before his death after he was diagnosed with cancer.</p>
<p>The suit is against R.J. Reynolds Tobacco Co., Liggett Group Inc., Philip Morris Inc. and The American Tobacco Co., now owned by Brown &amp; Williamson.</p>
<p>RJR Nabisco Holdings Corp. is the parent company of R.J. Reynolds Tobacco Co. Liggett is a subsidiary of Brooke Group Ltd. Philip Morris Inc. is a subsidiary of Philip Morris Cos. Inc.</p>
<p>Lawyers for Rogers' family said during the trial that he knew he was addicted and tried often to quit, but that the industry, by selling an addictive product, took that choice away from him.</p>
<p>Lawyers for the industry countered that Rogers was exposed to warning labels on cigarette packs for at least 20 years and should have been fully aware of the risks stated on them.</p>
</text>
<copyright>(c) Reuters Limited 1996</copyright>
<metadata>
<codes class="bip:countries:1.0">
  <code code="USA">
    <editdetail attribution="Reuters BIP Coding Group" action="confirmed" date="1996-08-20"/>
  </code>
</codes>
<codes class="bip:industries:1.0">
  <code code="I42900">
    <editdetail attribution="Reuters BIP Coding Group" action="confirmed" date="1996-08-20"/>
  </code>
</codes>
<codes class="bip:topics:1.0">
  <code code="C12">
    <editdetail attribution="Reuters BIP Coding Group" action="confirmed" date="1996-08-20"/>
  </code>
  <code code="CCAT">
    <editdetail attribution="Reuters BIP Coding Group" action="confirmed" date="1996-08-20"/>
  </code>
  <code code="GCAT">
    <editdetail attribution="Reuters BIP Coding Group" action="confirmed" date="1996-08-20"/>
  </code>
  <code code="GCRIM">
    <editdetail attribution="Reuters BIP Coding Group" action="confirmed" date="1996-08-20"/>
  </code>
</codes>
<dc element="dc.date.created" value="1996-08-20"/>
<dc element="dc.publisher" value="Reuters Holdings Plc"/>
<dc element="dc.date.published" value="1996-08-20"/>
<dc element="dc.source" value="Reuters"/>
<dc element="dc.creator.location" value="INDIANAPOLIS"/>
<dc element="dc.creator.location.country.name" value="USA"/>
<dc element="dc.source" value="Reuters"/>
</metadata>
</newsitem>
