<?xml version="1.0" encoding="iso-8859-1" ?>
<newsitem itemid="2309" id="root" date="1996-08-20" xml:lang="en">
<title>USA: Japan, EU may aid U.S. in ag trade reform.</title>
<headline>Japan, EU may aid U.S. in ag trade reform.</headline>
<dateline>TRAVERSE CITY, Mich.</dateline>
<text>
<p>The United States may seek an informal alliance with Japan and the European Union to win world trade rules to assure fair play by state trading enterprises, an Agriculture Department official said Tuesday.</p>
<p>A new round of world trade talks was scheduled to begin in 1999. Agriculture Secretary Dan Glickman said earlier this summer that U.S. priorities would be elimination of unfair export subsidies and controls on so-called STEs.</p>
<p>Richard Schroeter, deputy administrator of international trade policy for the Agriculture Department, said there could be grounds for Japan and the EU to assist the U.S. drive.</p>
<p>&quot;If we look at export subsidies, can the United States and the EU afford to eliminate or further reduce their subsidies while certain practices of other countries, which can be equivalent to export subsidies are allowed to continue?&quot; Schroeter said at the International Sweetener Symposium.</p>
<p>&quot;I speak here, for example, of state trading enterprises, or some producer-financed operations. My view is that there should be equivalent disciplines to avoid disadvantaging our producers.&quot;</p>
<p>So far, Japan, the EU and the United States have met market access commitments under world trade rules, he said.</p>
<p>If other nations wish to see further market-opening steps, Schroeter said, &quot;they're going to have to take part on this issue&quot; of state trading enterprises.</p>
<p>The U.S. view is that STEs, which often have monopoly control over imports or exports, can obstruct trade or engage in unfair sales practices. U.S. officials frequently cite the Canadian Wheat Board and Australian dairy exports in their complaints about state trading enterprises.</p>
<p>In the previous trade round, Japan's import quotas and EU farm subsidies were major U.S. targets.</p>
</text>
<copyright>(c) Reuters Limited 1996</copyright>
<metadata>
<codes class="bip:countries:1.0">
  <code code="EEC">
    <editdetail attribution="Reuters BIP Coding Group" action="confirmed" date="1996-08-20"/>
  </code>
  <code code="JAP">
    <editdetail attribution="Reuters BIP Coding Group" action="confirmed" date="1996-08-20"/>
  </code>
  <code code="USA">
    <editdetail attribution="Reuters BIP Coding Group" action="confirmed" date="1996-08-20"/>
  </code>
</codes>
<codes class="bip:topics:1.0">
  <code code="E51">
    <editdetail attribution="Reuters BIP Coding Group" action="confirmed" date="1996-08-20"/>
  </code>
  <code code="E512">
    <editdetail attribution="Reuters BIP Coding Group" action="confirmed" date="1996-08-20"/>
  </code>
  <code code="ECAT">
    <editdetail attribution="Reuters BIP Coding Group" action="confirmed" date="1996-08-20"/>
  </code>
  <code code="G15">
    <editdetail attribution="Reuters BIP Coding Group" action="confirmed" date="1996-08-20"/>
  </code>
  <code code="G158">
    <editdetail attribution="Reuters BIP Coding Group" action="confirmed" date="1996-08-20"/>
  </code>
  <code code="GCAT">
    <editdetail attribution="Reuters BIP Coding Group" action="confirmed" date="1996-08-20"/>
  </code>
</codes>
<dc element="dc.publisher" value="Reuters Holdings Plc"/>
<dc element="dc.date.published" value="1996-08-20"/>
<dc element="dc.source" value="Reuters"/>
<dc element="dc.creator.location" value="TRAVERSE CITY, Mich."/>
<dc element="dc.creator.location.country.name" value="USA"/>
<dc element="dc.source" value="Reuters"/>
</metadata>
</newsitem>
