<?xml version="1.0" encoding="iso-8859-1" ?>
<newsitem itemid="2320" id="root" date="1996-08-20" xml:lang="en">
<title>USA: NYSE says exchange seat sold for $1.16 mln, down $287,500.</title>
<headline>NYSE says exchange seat sold for $1.16 mln, down $287,500.</headline>
<dateline>NEW YORK</dateline>
<text>
<p>The New York Stock Exchange said Tuesday that a seat on the exchange sold for $1.16 million, down $287,500 from the previous sale on May 7.</p>
<p>The current level of bids was $1 million and offers were at $1.25 million, it said.</p>
</text>
<copyright>(c) Reuters Limited 1996</copyright>
<metadata>
<codes class="bip:countries:1.0">
  <code code="USA">
    <editdetail attribution="Reuters BIP Coding Group" action="confirmed" date="1996-08-20"/>
  </code>
</codes>
<codes class="bip:industries:1.0">
  <code code="I83100">
    <editdetail attribution="Reuters BIP Coding Group" action="confirmed" date="1996-08-20"/>
  </code>
</codes>
<codes class="bip:topics:1.0">
  <code code="C21">
    <editdetail attribution="Reuters BIP Coding Group" action="confirmed" date="1996-08-20"/>
  </code>
  <code code="C31">
    <editdetail attribution="Reuters BIP Coding Group" action="confirmed" date="1996-08-20"/>
  </code>
  <code code="CCAT">
    <editdetail attribution="Reuters BIP Coding Group" action="confirmed" date="1996-08-20"/>
  </code>
</codes>
<dc element="dc.publisher" value="Reuters Holdings Plc"/>
<dc element="dc.date.published" value="1996-08-20"/>
<dc element="dc.source" value="Reuters"/>
<dc element="dc.creator.location" value="NEW YORK"/>
<dc element="dc.creator.location.country.name" value="USA"/>
<dc element="dc.source" value="Reuters"/>
</metadata>
</newsitem>
