<?xml version="1.0" encoding="iso-8859-1" ?>
<newsitem itemid="2329" id="root" date="1996-08-20" xml:lang="en">
<title>USA: Snap-on to provide equipment for Penske Auto Centers.</title>
<headline>Snap-on to provide equipment for Penske Auto Centers.</headline>
<dateline>KENOSHA, Wis.</dateline>
<text>
<p>Snap-on Inc. said Tuesday its Snap-on Tools Co. unit will provide car care and maintenance equipment for more than 800 Penske Auto Centres Inc., which are located in Kmart Corp. stores across the country.</p>
<p>The value of the deal was not disclosed.</p>
<p>Last October, Penske acquired Kmart's automotive service centres for $112 million. The nation's second-largest retailer subleased the space of the auto centres to Penske, which is owned by the transporation magnate Roger Penske.</p>
</text>
<copyright>(c) Reuters Limited 1996</copyright>
<metadata>
<codes class="bip:countries:1.0">
  <code code="USA">
    <editdetail attribution="Reuters BIP Coding Group" action="confirmed" date="1996-08-20"/>
  </code>
</codes>
<codes class="bip:industries:1.0">
  <code code="I35300">
    <editdetail attribution="Reuters BIP Coding Group" action="confirmed" date="1996-08-20"/>
  </code>
  <code code="I65600">
    <editdetail attribution="Reuters BIP Coding Group" action="confirmed" date="1996-08-20"/>
  </code>
  <code code="I84801">
    <editdetail attribution="Reuters BIP Coding Group" action="confirmed" date="1996-08-20"/>
  </code>
</codes>
<codes class="bip:topics:1.0">
  <code code="C33">
    <editdetail attribution="Reuters BIP Coding Group" action="confirmed" date="1996-08-20"/>
  </code>
  <code code="CCAT">
    <editdetail attribution="Reuters BIP Coding Group" action="confirmed" date="1996-08-20"/>
  </code>
</codes>
<dc element="dc.publisher" value="Reuters Holdings Plc"/>
<dc element="dc.date.published" value="1996-08-20"/>
<dc element="dc.source" value="Reuters"/>
<dc element="dc.creator.location" value="KENOSHA, Wis."/>
<dc element="dc.creator.location.country.name" value="USA"/>
<dc element="dc.source" value="Reuters"/>
</metadata>
</newsitem>
