<?xml version="1.0" encoding="iso-8859-1" ?>
<newsitem itemid="2343" id="root" date="1996-08-20" xml:lang="en">
<title>AUSTRALIA: Australian Alan Bond jailed for three years.</title>
<headline>Australian Alan Bond jailed for three years.</headline>
<dateline>PERTH, Australia 1996-08-20</dateline>
<text>
<p>Failed Australian businessman Alan Bond was jailed for three years on Tuesday for fraud involving the French impressionist painting, La Promenade.</p>
<p>In sentencing Bond, the Australian judge said the jail term was not the maximum 14-year sentence, but it would be like a &quot;life sentence&quot; as it would haunt the former high-flyer forever.</p>
<p>Bond, lauded as Australian of the Year after winning the prestigious America's Cup yacht race in 1983, will appeal the conviction, his lawyers later said.</p>
<p>Bond, whose personal fortune was estimated at A$350 million (US$273 million) in the late 1980s, was found guilty last Friday on four fraud charges surrounding the sale of Eduoard Manet's La Promenade.</p>
<p>The jury found that Bond had improperly used his position as director of his former corporate flagship, Bond Corporation Holdings Ltd, to allow his private company to buy La Promenade for about A$10 million less than its market value in 1988.</p>
<p>His private company, Dallhold Investments Pty Ltd, bought the painting for A$2.46 million and sold it a year later at auction in New York for A$17 million.</p>
<p>Judge Antoinette Kennedy said Bond's &quot;passion for art&quot; and his inability to accept that Bond Corporation was no longer his &quot;private fiefdom&quot; led to the fraud offences.</p>
<p>Kennedy said some people might consider Bond's punishment lenient.</p>
<p>But Kennedy said the prison term would seem like a &quot;life sentence&quot; for an individual with Bond's high profile.</p>
<p>&quot;Such people must understand that time in prison goes a lot slower than time outside...and that any prison sentence is a life sentence in a sense for someone in your position, in that you cannot sink into anonymity,&quot; Kennedy said.</p>
<p>Bond, 58, who appeared composed during the sentencing, smiled during a brief conversation with his wife, Diana Bliss, before being led away from the dock.</p>
<p>Kennedy dismissed a claim by defence lawyers that a custodial sentence would kill Bond because of his failing health but did not impose the maximum penalty of 14 years in prison.</p>
<p>Bond's lawyers said the former apprentice signwriter suffered from high blood pressure and heart problems but Kennedy ruled that his condition could be properly monitored in prison.</p>
<p>Bond, an avid art collector in his heyday, faces further charges associated with the collapse of his corporate empire in the early 1990s.</p>
<p>Bond was jailed for two-and-a-half years in 1992 after being found guilty of inducing a former friend to contribute to the rescue of a Western Australia bank while concealing a A$16 million fee for his own company.</p>
<p>He served only a few months in jail before a second jury acquitted him at a re-trial in November 1992.</p>
<p>(A$1 = US$0.78)</p>
</text>
<copyright>(c) Reuters Limited 1996</copyright>
<metadata>
<codes class="bip:countries:1.0">
  <code code="AUSTR">
    <editdetail attribution="Reuters BIP Coding Group" action="confirmed" date="1996-08-20"/>
  </code>
</codes>
<codes class="bip:industries:1.0">
  <code code="I83960">
    <editdetail attribution="Reuters BIP Coding Group" action="confirmed" date="1996-08-20"/>
  </code>
</codes>
<codes class="bip:topics:1.0">
  <code code="C12">
    <editdetail attribution="Reuters BIP Coding Group" action="confirmed" date="1996-08-20"/>
  </code>
  <code code="CCAT">
    <editdetail attribution="Reuters BIP Coding Group" action="confirmed" date="1996-08-20"/>
  </code>
  <code code="GCAT">
    <editdetail attribution="Reuters BIP Coding Group" action="confirmed" date="1996-08-20"/>
  </code>
  <code code="GCRIM">
    <editdetail attribution="Reuters BIP Coding Group" action="confirmed" date="1996-08-20"/>
  </code>
</codes>
<dc element="dc.date.created" value="1996-08-20"/>
<dc element="dc.publisher" value="Reuters Holdings Plc"/>
<dc element="dc.date.published" value="1996-08-20"/>
<dc element="dc.source" value="Reuters"/>
<dc element="dc.creator.location" value="PERTH, Australia"/>
<dc element="dc.creator.location.country.name" value="AUSTRALIA"/>
<dc element="dc.source" value="Reuters"/>
</metadata>
</newsitem>
