<?xml version="1.0" encoding="iso-8859-1" ?>
<newsitem itemid="2344" id="root" date="1996-08-20" xml:lang="en">
<title>UK: FOCUS-BSkyB profits surge 66 percent.</title>
<headline>FOCUS-BSkyB profits surge 66 percent.</headline>
<byline>Keith Weir</byline>
<dateline>LONDON 1996-08-20</dateline>
<text>
<p>Satellite broadcaster BSkyB, the dominant force in British pay television, on Tuesday reported a 66 percent rise in full-year profit to 257.4 million pounds ($398.1 million).</p>
<p>Annual turnover climbed to more than one billion pounds as the number of subscribers in Britain and Ireland rose to 5.5 million for BSkyB, in which Rupert Murdoch's News Corp has a 40 percent stake.</p>
<p>Profit for the year to June 30, 1996 -- up more than 100 million pounds on the 155.3 million reported a year ago -- was towards the top end of analysts' forecasts. The full-year dividend of 5.5 pence was lower than expected, however.</p>
<p>BSkyB shares shed seven pence to 530p in early trading, having climbed to record highs in recent days.</p>
<p>&quot;The continuing growth in subscribers, the increase in the number of channels and the renewal of the Premier League (soccer) contract until 2001 provide a firm base from which to pioneer the development of digital television in the UK,&quot; chief executive Sam Chisholm said in a statement.</p>
<p>&quot;The agreement with Kirch Gruppe to develop the digital platform in Germany gives us a great opportunity to extend our business into continental Europe,&quot; he said.</p>
<p>BSkyB plans to launch a British digital television service next year.</p>
<p>Last month it signed a deal with the group headed by Bavarian media mogul Leo Kirch under which it will take a stake of up to 49 percent in DF1, Kirch's digital pay television operation.</p>
<p>BSkyB is expected to inject 200 million pounds into the alliance to cover start-up losses over the next three years. The deal gives BSkyB access to Europe's largest television market.</p>
<p>BSkyB said spending on programming rose by 28 percent to 420 million pounds after the purchase of golf, boxing and cricket events and the launch of new channels such as Disney.</p>
<p>The programming spend is set to rise further following a 670 million pound deal signed in June which will enable BSkyB to retain rights to broadcast live English Premier League soccer for the next five years.</p>
<p>One cloud on the horizon is a report that British cable companies may seek European Commission intervention over the fees BSkyB charges for its top channels.</p>
<p>The Financial Times said the cable companies fear they will not secure satisfactory conditions despite BSkyB undertakings to revise the structure of its wholesale rate card.</p>
</text>
<copyright>(c) Reuters Limited 1996</copyright>
<metadata>
<codes class="bip:countries:1.0">
  <code code="UK">
    <editdetail attribution="Reuters BIP Coding Group" action="confirmed" date="1996-08-20"/>
  </code>
</codes>
<codes class="bip:industries:1.0">
  <code code="I47500">
    <editdetail attribution="Reuters BIP Coding Group" action="confirmed" date="1996-08-20"/>
  </code>
  <code code="I9741110">
    <editdetail attribution="Reuters BIP Coding Group" action="confirmed" date="1996-08-20"/>
  </code>
</codes>
<codes class="bip:topics:1.0">
  <code code="C15">
    <editdetail attribution="Reuters BIP Coding Group" action="confirmed" date="1996-08-20"/>
  </code>
  <code code="C151">
    <editdetail attribution="Reuters BIP Coding Group" action="confirmed" date="1996-08-20"/>
  </code>
  <code code="C31">
    <editdetail attribution="Reuters BIP Coding Group" action="confirmed" date="1996-08-20"/>
  </code>
  <code code="CCAT">
    <editdetail attribution="Reuters BIP Coding Group" action="confirmed" date="1996-08-20"/>
  </code>
</codes>
<dc element="dc.date.created" value="1996-08-20"/>
<dc element="dc.publisher" value="Reuters Holdings Plc"/>
<dc element="dc.date.published" value="1996-08-20"/>
<dc element="dc.source" value="Reuters"/>
<dc element="dc.creator.location" value="LONDON"/>
<dc element="dc.creator.location.country.name" value="UK"/>
<dc element="dc.source" value="Reuters"/>
</metadata>
</newsitem>
