<?xml version="1.0" encoding="iso-8859-1" ?>
<newsitem itemid="2345" id="root" date="1996-08-20" xml:lang="en">
<title>AUSTRALIA: Aborigines burn flag in Canberra budget protests.</title>
<headline>Aborigines burn flag in Canberra budget protests.</headline>
<byline>Terry Friel</byline>
<dateline>CANBERRA 1996-08-20</dateline>
<text>
<p>Aborigines burnt an Australian flag during an anti-budget rally in front of parliament house on Tuesday and clashed with police as Treasurer Peter Costello assured Australians his first budget at 0930 GMT would be fair.</p>
<p>Hundreds of other Aborigines staged rallies in Brisbane and Adelaide against already announced cuts to indigenous funding in the 1996/97 budget.</p>
<p>&quot;Everyone, if you want to come and stamp on the white law, and the white flag, stamp on the ashes like they stamped on ours,&quot; said an Aborigine as the Australian flag burned.</p>
<p>The aboriginal protest, which attracted about 1,000 people, was rowdy, with chanting, didgeridoo playing and rhythm sticks. At one stage Aborigines tried to enter the nearby old parliament house, but were repelled by police in riot gear.</p>
<p>About 150 Aborigines attacked police with bricks, bottles and stakes during a 20-minute confrontation at the old parliament house. One policewoman was repeatedly kicked and has been taken to hospital in a serious condition, a police spokeswoman said.</p>
<p>On Monday, an anti-government rally of 15,000 unionists, Aborigines, students and welfare groups in front of Canberra's parliament ended in a riot, as hundreds of protesters stormed into the parliament's foyer.</p>
<p>Police wearing riot gear took two hours to control the riot.</p>
<p>&quot;All we want is justice in our own country,&quot; aboriginal activist Charles Perkins told Tuesday's rally.</p>
<p>&quot;We don't want budget cuts -- it's hard enough as it is,&quot; said Perkins, standing in front of a map of Australia painted with the aboriginal flag and the words: &quot;Sovereignty never ceded&quot;. &quot;The money that Australia has comes from aboriginal land. Give us a fair go,&quot; he said.</p>
<p>Aborigines, the most disadvantaged group in Australian society, have labelled &quot;racist&quot; A$400 million (US$312 million) in indigenous spending cuts over the next four years.</p>
<p>Deputy chair of the peak Aboriginal and Torres Strait Islander Commission, Ray Robinson, told Tuesday's rally that reconciliation between white and black Australia was dead.</p>
<p>&quot;Forget about reconciliation that's finished,&quot; he said.</p>
<p>&quot;They say we must continue on with the reconciliation. Do you stab someone in the guts with a knife and while they are dying, say we want to be friends? It doesn't happen that way.&quot;</p>
<p>The five-month-old Liberal-National government was to announce its budget to June 30, 1997 at 0930 GMT. The budget will be its first and the first for a conservative Australian government in 14 years.</p>
<p>&quot;It's going to be a fair budget, and we are looking forward to putting in place the measures that will help families and small businesses and get Australia moving,&quot; treasurer Costello told reporters on Tuesday morning.</p>
<p>The government has promised to cut A$4.0 billion from its maiden budget in a tough fiscal programme aimed at achieving a budget surplus within three years. The budget deficit for 1995/96 was A$10.3 billion.</p>
<p>Financial markets are concerned about Australia's chronic national savings and external debt problems and are counting on Costello slashing the budget deficit, hopefully by more than the forecast A$4.0 billion.</p>
<p>(A$1 = US$0.78)</p>
</text>
<copyright>(c) Reuters Limited 1996</copyright>
<metadata>
<codes class="bip:countries:1.0">
  <code code="AUSTR">
    <editdetail attribution="Reuters BIP Coding Group" action="confirmed" date="1996-08-20"/>
  </code>
</codes>
<codes class="bip:topics:1.0">
  <code code="E21">
    <editdetail attribution="Reuters BIP Coding Group" action="confirmed" date="1996-08-20"/>
  </code>
  <code code="E211">
    <editdetail attribution="Reuters BIP Coding Group" action="confirmed" date="1996-08-20"/>
  </code>
  <code code="ECAT">
    <editdetail attribution="Reuters BIP Coding Group" action="confirmed" date="1996-08-20"/>
  </code>
  <code code="GCAT">
    <editdetail attribution="Reuters BIP Coding Group" action="confirmed" date="1996-08-20"/>
  </code>
  <code code="GPOL">
    <editdetail attribution="Reuters BIP Coding Group" action="confirmed" date="1996-08-20"/>
  </code>
  <code code="GVIO">
    <editdetail attribution="Reuters BIP Coding Group" action="confirmed" date="1996-08-20"/>
  </code>
</codes>
<dc element="dc.date.created" value="1996-08-20"/>
<dc element="dc.publisher" value="Reuters Holdings Plc"/>
<dc element="dc.date.published" value="1996-08-20"/>
<dc element="dc.source" value="Reuters"/>
<dc element="dc.creator.location" value="CANBERRA"/>
<dc element="dc.creator.location.country.name" value="AUSTRALIA"/>
<dc element="dc.source" value="Reuters"/>
</metadata>
</newsitem>
