<?xml version="1.0" encoding="iso-8859-1" ?>
<newsitem itemid="2347" id="root" date="1996-08-20" xml:lang="en">
<title>AUSTRALIA: Australian Alan Bond sentenced to three years jail.</title>
<headline>Australian Alan Bond sentenced to three years jail.</headline>
<dateline>PERTH, Australia 1996-08-20</dateline>
<text>
<p>Failed Australian businessman Alan Bond was sentenced to three years in jail on Tuesday for fraud involving the French impressionist painting, La Promenade.</p>
<p>In sentencing Bond, Western Australia District Court Judge Antoinette Kennedy said that while the jail term was not the maximum 14 years she could impose, it would seem like a &quot;life sentence&quot; to Bond.</p>
<p>Bond, 58, who became a national hero in 1983 for backing Australia's capture of the America's Cup yachting trophy, had appealed for a non-custodial sentence. His lawyer argued that a jail term could kill him because of his failing health.</p>
<p>But Kennedy said she was satisfied that Bond's &quot;health problems could be monitored within the prison system&quot;. Bond said he suffers from blood pressure and heart problems.</p>
<p>&quot;The sentence I intend to impose on you, you will not regard as lenient, but many in the community will,&quot; Kennedy said. &quot;When I speak of the community I do not speak of the vicious and the hate-filled -- they are insatiable -- but reasonable members of the community.</p>
<p>&quot;Such people must understand that time in prison goes a lot slower than time outside ... and that any prison sentence is a life sentence in a sense for someone in your position, in that you can not sink into anonymity, but it will follow you for ever.&quot;</p>
<p>Last Friday, Bond was found guilty of improperly using his position as director of his former corporate flagship, Bond Corporation Holdings, to allow his private company to buy Edouard Manet's La Promenade from Bond Corp for A$2.5 million (US$1.9 million), when its value was at least A$12 million.</p>
<p>Bond's Dallhold Investments Pty Ltd sold the painting a year later at auction in New York for A$17 million.</p>
<p>The Australian Securities Commission, the nation's corporate watchdog, brought four fraud charges against Bond for his 1988 actions.</p>
<p>Kennedy said Bond's passion for art and his inability to accept that Bond Corp was not longer his &quot;fiefdom&quot; combined to encourage him to commit the fraud offences.</p>
<p>Bond's lawyers said he would appeal the conviction.</p>
<p>(A$1 = US$0.78)</p>
</text>
<copyright>(c) Reuters Limited 1996</copyright>
<metadata>
<codes class="bip:countries:1.0">
  <code code="AUSTR">
    <editdetail attribution="Reuters BIP Coding Group" action="confirmed" date="1996-08-20"/>
  </code>
</codes>
<codes class="bip:industries:1.0">
  <code code="I83960">
    <editdetail attribution="Reuters BIP Coding Group" action="confirmed" date="1996-08-20"/>
  </code>
</codes>
<codes class="bip:topics:1.0">
  <code code="C12">
    <editdetail attribution="Reuters BIP Coding Group" action="confirmed" date="1996-08-20"/>
  </code>
  <code code="CCAT">
    <editdetail attribution="Reuters BIP Coding Group" action="confirmed" date="1996-08-20"/>
  </code>
  <code code="GCAT">
    <editdetail attribution="Reuters BIP Coding Group" action="confirmed" date="1996-08-20"/>
  </code>
  <code code="GCRIM">
    <editdetail attribution="Reuters BIP Coding Group" action="confirmed" date="1996-08-20"/>
  </code>
</codes>
<dc element="dc.date.created" value="1996-08-20"/>
<dc element="dc.publisher" value="Reuters Holdings Plc"/>
<dc element="dc.date.published" value="1996-08-20"/>
<dc element="dc.source" value="Reuters"/>
<dc element="dc.creator.location" value="PERTH, Australia"/>
<dc element="dc.creator.location.country.name" value="AUSTRALIA"/>
<dc element="dc.source" value="Reuters"/>
</metadata>
</newsitem>
