<?xml version="1.0" encoding="iso-8859-1" ?>
<newsitem itemid="2352" id="root" date="1996-08-20" xml:lang="en">
<title>UK: British FTSE index closes at record 3,883 points.</title>
<headline>British FTSE index closes at record 3,883 points.</headline>
<byline>Elaine Hardcastle</byline>
<dateline>LONDON 1996-08-20</dateline>
<text>
<p>Britain's FTSE 100 stock index, which sank to its lowest year level a month ago, chalked up a record closing high on Tuesday led by bullish retail sector sentiment.</p>
<p>&quot;You probably couldn't have forecast a better background for the equity market than the one we've currently got,&quot; said one senior share trader. &quot;The market has a lot going for it.&quot;</p>
<p>The blue chip index closed 19.5 points higher at 3,883.2, surpassing the previous 3,872.9 record it set just last week.</p>
<p>Gainers outweighed decliners by a margin of two to one but volume was a subdued 512.9 million shares as all eyes remained fixed on the outcome of the interest rate setting U.S. Federal Open Markets Committee, which was meeting as the London market closed.</p>
<p>The retail stocks which led an early advance were boosted by the latest economic figures which flagged an improvement in British consumer sentiment.</p>
<p>&quot;The consumer credit figures this morning showed another booming month -- the consumer is back with a vengeance,&quot; another trader said.</p>
<p>But the return of the so-called &quot;feel-good factor&quot; in the retail sector may also reduce the likelihood of any further cuts in UK interest rates, traders said.</p>
<p>This view was shared by Britain's largest mortgage lender, the Halifax Building Society.</p>
<p>&quot;(A rate cut) would be more politically inspired than by the needs of the housing market,&quot; Halifax chairman Jon Foulds told reporters at the company's interim results' presentation.</p>
<p>Leading the retail sector's advance, GUS was squeezed 23p higher to close at 663p, following the release of strong interim results from discount retailer Argos yesterday.</p>
<p>On the back of the same wave of optimism, electronics retailer Dixons gained 11p to 535p and Kingfisher ended 14p higher at 668p, with dealers saying some investors anticipate more positive news from other half year results in the sector.</p>
<p>Whether the UK share market as a whole continues to go from strength to strength is largely dependent on events across the Atlantic, especially and the outcome of the FOMC policy meeting.</p>
<p>&quot;We've really seen little or no selling today, (and) most people are assuming there will be no change (in U.S. rates),&quot; one senior dealer said.</p>
<p>But trade remained cautious in the U.S. and the Dow was little changed, up 3.7 points, when London markets closed.</p>
<p>&quot;We are still looking for reasurrance on U.S. rates,&quot; a dealer said. &quot;If they don't increase rates now, we want to know when are they likely to&quot;.</p>
</text>
<copyright>(c) Reuters Limited 1996</copyright>
<metadata>
<codes class="bip:countries:1.0">
  <code code="UK">
    <editdetail attribution="Reuters BIP Coding Group" action="confirmed" date="1996-08-20"/>
  </code>
</codes>
<codes class="bip:topics:1.0">
  <code code="M11">
    <editdetail attribution="Reuters BIP Coding Group" action="confirmed" date="1996-08-20"/>
  </code>
</codes>
<dc element="dc.date.created" value="1996-08-20"/>
<dc element="dc.publisher" value="Reuters Holdings Plc"/>
<dc element="dc.date.published" value="1996-08-20"/>
<dc element="dc.source" value="Reuters"/>
<dc element="dc.creator.location" value="LONDON"/>
<dc element="dc.creator.location.country.name" value="UK"/>
<dc element="dc.source" value="Reuters"/>
</metadata>
</newsitem>
