<?xml version="1.0" encoding="iso-8859-1" ?>
<newsitem itemid="2354" id="root" date="1996-08-20" xml:lang="en">
<title>UK: M.A.I.D in on-line partnership with EMD.</title>
<headline>M.A.I.D in on-line partnership with EMD.</headline>
<dateline>LONDON 1996-08-20</dateline>
<text>
<p>Emerging Markets Data Plc (EMD) said on Tuesday it had agreed to an on-line partnership with British information service M.A.I.D Plc.</p>
<p>The deal will allow M.A.I.D to globally distribute EMD's information and data via the firm's Corporate Profound and Profound for the Internet products.</p>
<p>&quot;The relationship with M.A.I.D will have a considerable impact on turnover and profit,&quot; EMD said in a statement.</p>
<p>EMD is based in London and Dublin.</p>
<p>London Newsroom +44 171 542 7717</p>
</text>
<copyright>(c) Reuters Limited 1996</copyright>
<metadata>
<codes class="bip:countries:1.0">
  <code code="UK">
    <editdetail attribution="Reuters BIP Coding Group" action="confirmed" date="1996-08-20"/>
  </code>
</codes>
<codes class="bip:industries:1.0">
  <code code="I83940">
    <editdetail attribution="Reuters BIP Coding Group" action="confirmed" date="1996-08-20"/>
  </code>
</codes>
<codes class="bip:topics:1.0">
  <code code="C33">
    <editdetail attribution="Reuters BIP Coding Group" action="confirmed" date="1996-08-20"/>
  </code>
  <code code="CCAT">
    <editdetail attribution="Reuters BIP Coding Group" action="confirmed" date="1996-08-20"/>
  </code>
</codes>
<dc element="dc.date.created" value="1996-08-20"/>
<dc element="dc.publisher" value="Reuters Holdings Plc"/>
<dc element="dc.date.published" value="1996-08-20"/>
<dc element="dc.source" value="Reuters"/>
<dc element="dc.creator.location" value="LONDON"/>
<dc element="dc.creator.location.country.name" value="UK"/>
<dc element="dc.source" value="Reuters"/>
</metadata>
</newsitem>
