<?xml version="1.0" encoding="iso-8859-1" ?>
<newsitem itemid="2361" id="root" date="1996-08-20" xml:lang="en">
<title>UK: Trocadero expects tripling of revenues.</title>
<headline>Trocadero expects tripling of revenues.</headline>
<byline>Leslie Adler</byline>
<dateline>LONDON 1996-08-20</dateline>
<text>
<p>The Trocadero entertainment complex in the heart of London's Piccadilly marked its relaunch on Tuesday after a 50 million pound redevelopment that it said was expected to triple revenues over five years.</p>
<p>&quot;An estimated 55 million visitors a year pass by the Trocadero and some 20 million people come through the centre,&quot; Nick Leslau, chief executive of Trocadero Plc, told a news conference.</p>
<p>The challenge, he said, was to convert visitors into money-spending consumers.</p>
<p>Leslau told Reuters that he expected the retail revenues to triple over the next five years, the time span in which he expects the centre to reach maturity.</p>
<p>He said Trocadero would seek to convert rental agreements into revenue-sharing deals as leases expire.</p>
<p>Trocadero and Sega together invested about 50 million pounds in redesigning the centre -- shifting its focus from shopping to entertainment and giving it a flashy, high-tech look -- and installing a SegaWorld virtual reality centre due to open next month.</p>
<p>An Imax 3D cinema is to open in early 1997.</p>
<p>The complex's current entertainment and shopping tenants -- including cinemas, an amusement arcade and a Planet Hollywood restaurant as well as shops -- generate retail revenues of about 125 million pounds a year, Leslau said. Trocadero derives its revenues from the rental income it receives from these tenants.</p>
<p>It recently entered into a joint venture for a Marvel Mania themed restaurant to be built adjacent to the Trocadero that will provide a base rental of one million pounds a year and a percentage of turnover.</p>
<p>The Marvel Mania restaurant, based on characters from Marvel comics, is a joint venture with Robert Earl's Planet Hollywood and Ronald Perelman's Marvel Entertainment Group Inc .</p>
<p>Trocadero's current rental deals provide guaranteed income that is sufficient to cover the complex's service debt and overhead for the next 22 years, Leslau said.</p>
<p>It is also intent on exploiting the sponsorship potential of the complex.</p>
<p>&quot;We are currently negotiating with several potential sponsors for the complex and will be developing commercial partnerhsips with a range of companies who understand the power that our customer base can provide,&quot; Leslau said.</p>
<p>&quot;The Trocadero offers unrivalled opportunities for advertisers and sponsors to promote their products to an elusive youth market.&quot;</p>
<p>Trocadero Plc was spun off from property management group Burford Holdings last November. Burford had acquired the Trocadero complex in September 1994 for 94 million pounds. At that time the Trocadero was a shopping mall.</p>
<p>&quot;The key to success at the Trocadero lay in its transformation from a shopping mall into a premier entertainment destination,&quot; Leslau added.</p>
<p>-- London Newsroom +44 171 542 8958</p>
</text>
<copyright>(c) Reuters Limited 1996</copyright>
<metadata>
<codes class="bip:countries:1.0">
  <code code="UK">
    <editdetail attribution="Reuters BIP Coding Group" action="confirmed" date="1996-08-20"/>
  </code>
</codes>
<dc element="dc.date.created" value="1996-08-20"/>
<dc element="dc.publisher" value="Reuters Holdings Plc"/>
<dc element="dc.date.published" value="1996-08-20"/>
<dc element="dc.source" value="Reuters"/>
<dc element="dc.creator.location" value="LONDON"/>
<dc element="dc.creator.location.country.name" value="UK"/>
<dc element="dc.source" value="Reuters"/>
</metadata>
</newsitem>
