<?xml version="1.0" encoding="iso-8859-1" ?>
<newsitem itemid="2371" id="root" date="1996-08-20" xml:lang="en">
<title>UK: BSkyB says likely to take stake in Premiere.</title>
<headline>BSkyB says likely to take stake in Premiere.</headline>
<dateline>LONDON 1996-08-20</dateline>
<text>
<p>Satellite broadcaster British Sky Broadcasting Plc said on Tuesday it was likely to take a stake in German pay TV network Premiere.</p>
<p>&quot;I think we will end up acquiring a stake in Premiere, providing the price is satisfactory,&quot; BSkyB chief executive Sam Chisholm told reporters.</p>
</text>
<copyright>(c) Reuters Limited 1996</copyright>
<metadata>
<codes class="bip:countries:1.0">
  <code code="GFR">
    <editdetail attribution="Reuters BIP Coding Group" action="confirmed" date="1996-08-20"/>
  </code>
  <code code="UK">
    <editdetail attribution="Reuters BIP Coding Group" action="confirmed" date="1996-08-20"/>
  </code>
</codes>
<codes class="bip:topics:1.0">
  <code code="C181">
    <editdetail attribution="Reuters BIP Coding Group" action="confirmed" date="1996-08-20"/>
  </code>
</codes>
<dc element="dc.date.created" value="1996-08-20"/>
<dc element="dc.publisher" value="Reuters Holdings Plc"/>
<dc element="dc.date.published" value="1996-08-20"/>
<dc element="dc.source" value="Reuters"/>
<dc element="dc.creator.location" value="LONDON"/>
<dc element="dc.creator.location.country.name" value="UK"/>
<dc element="dc.source" value="Reuters"/>
</metadata>
</newsitem>
