<?xml version="1.0" encoding="iso-8859-1" ?>
<newsitem itemid="2376" id="root" date="1996-08-20" xml:lang="en">
<title>UK: GrandMet plan Pillsbury briefing Wednesday.</title>
<headline>GrandMet plan Pillsbury briefing Wednesday.</headline>
<dateline>LONDON 1996-08-20</dateline>
<text>
<p>GrandMet will make a presentation to analysts and institutional investors on its U.S. packaged food subsidiary Pillsbury on Wednesday, a company spokesman said.</p>
<p>&quot;Pillsbury chief executive Paul Walsh will outline the development of the company over the last year and provide an overview of strategy as well as general trends,&quot; he said.</p>
<p>Three other Pillsbury executives will cover marketing, brand development and operations.</p>
<p>The presentation is themed &quot;Winning in the marketplace through sustainable growth.&quot; It will be held at the The Brewery, Chiswell Street, in the City of London, from 1000 GMT.</p>
<p>GrandMet shares were trading 7p higher Tuesday morning at 467p ahead of the presentation.</p>
<p>-- London Newsroom +44 171 542 7717</p>
</text>
<copyright>(c) Reuters Limited 1996</copyright>
<metadata>
<codes class="bip:countries:1.0">
  <code code="UK">
    <editdetail attribution="Reuters BIP Coding Group" action="confirmed" date="1996-08-20"/>
  </code>
  <code code="USA">
    <editdetail attribution="Reuters BIP Coding Group" action="confirmed" date="1996-08-20"/>
  </code>
</codes>
<codes class="bip:industries:1.0">
  <code code="I42400">
    <editdetail attribution="Reuters BIP Coding Group" action="confirmed" date="1996-08-20"/>
  </code>
</codes>
<codes class="bip:topics:1.0">
  <code code="C11">
    <editdetail attribution="Reuters BIP Coding Group" action="confirmed" date="1996-08-20"/>
  </code>
  <code code="CCAT">
    <editdetail attribution="Reuters BIP Coding Group" action="confirmed" date="1996-08-20"/>
  </code>
</codes>
<dc element="dc.date.created" value="1996-08-20"/>
<dc element="dc.publisher" value="Reuters Holdings Plc"/>
<dc element="dc.date.published" value="1996-08-20"/>
<dc element="dc.source" value="Reuters"/>
<dc element="dc.creator.location" value="LONDON"/>
<dc element="dc.creator.location.country.name" value="UK"/>
<dc element="dc.source" value="Reuters"/>
</metadata>
</newsitem>
