<?xml version="1.0" encoding="iso-8859-1" ?>
<newsitem itemid="2381" id="root" date="1996-08-20" xml:lang="en">
<title>UK: BSkyB indicated lower after results.</title>
<headline>BSkyB indicated lower after results.</headline>
<dateline>LONDON 1996-08-20</dateline>
<text>
<p>Share in BSkyB were indicated 2p lower at 535p in pre-market trade after the company declared a dividend that fell slightly short of expectations, dealers said.</p>
<p>The British satellite and cable television broadcasting concern said its pre-tax profits rose 66 percent to 257.4 million stg for the year ended June 30, above the concensus of analysts' estimates of 253.3 million stg. But the dividend of 5.5p per share was about 1p below analysts' forecasts.</p>
<p>The shares have risen by almost 16 percent during the last month, reaching a peak at 537p on August 19.</p>
<p>-- Debra Sherman, London newsroom +44 171 542 4026</p>
</text>
<copyright>(c) Reuters Limited 1996</copyright>
<metadata>
<codes class="bip:countries:1.0">
  <code code="UK">
    <editdetail attribution="Reuters BIP Coding Group" action="confirmed" date="1996-08-20"/>
  </code>
</codes>
<codes class="bip:topics:1.0">
  <code code="C151">
    <editdetail attribution="Reuters BIP Coding Group" action="confirmed" date="1996-08-20"/>
  </code>
</codes>
<dc element="dc.date.created" value="1996-08-20"/>
<dc element="dc.publisher" value="Reuters Holdings Plc"/>
<dc element="dc.date.published" value="1996-08-20"/>
<dc element="dc.source" value="Reuters"/>
<dc element="dc.creator.location" value="LONDON"/>
<dc element="dc.creator.location.country.name" value="UK"/>
<dc element="dc.source" value="Reuters"/>
</metadata>
</newsitem>
