<?xml version="1.0" encoding="iso-8859-1" ?>
<newsitem itemid="2384" id="root" date="1996-08-20" xml:lang="en">
<title>UK: Orange loss widens, but subscribers up.</title>
<headline>Orange loss widens, but subscribers up.</headline>
<dateline>LONDON 1996-08-20</dateline>
<text>
<p>Britain's mobile telephone operator Orange Plc said on Tuesday it now had over 600,000 subscribers, a gain on the 573,000 it reported at the end of June.</p>
<p>The news came as the company announced a pre-tax loss of 125.2 million pounds ($193.6 million) in line with market consensus for the six months to June 30, but up from 88.8 million previously. At the same time however Orange's sales in the first half more than doubled to 256.5 million from 100 million pounds.</p>
</text>
<copyright>(c) Reuters Limited 1996</copyright>
<metadata>
<codes class="bip:countries:1.0">
  <code code="UK">
    <editdetail attribution="Reuters BIP Coding Group" action="confirmed" date="1996-08-20"/>
  </code>
</codes>
<codes class="bip:topics:1.0">
  <code code="C151">
    <editdetail attribution="Reuters BIP Coding Group" action="confirmed" date="1996-08-20"/>
  </code>
</codes>
<dc element="dc.date.created" value="1996-08-20"/>
<dc element="dc.publisher" value="Reuters Holdings Plc"/>
<dc element="dc.date.published" value="1996-08-20"/>
<dc element="dc.source" value="Reuters"/>
<dc element="dc.creator.location" value="LONDON"/>
<dc element="dc.creator.location.country.name" value="UK"/>
<dc element="dc.source" value="Reuters"/>
</metadata>
</newsitem>
