<?xml version="1.0" encoding="iso-8859-1" ?>
<newsitem itemid="2386" id="root" date="1996-08-20" xml:lang="en">
<title>UK: BSkyB full yr pretax profits jump 66 pct.</title>
<headline>BSkyB full yr pretax profits jump 66 pct.</headline>
<dateline>LONDON 1996-08-20</dateline>
<text>
<p>Full year to June 30</p>
<p>			   (million stg unless stated)</p>
<p> Shr (pence)		13.6		   vs 8.7</p>
<p> Dividend (pence)	 3.0		    vs 2.5</p>
<p> Total dividend (pence) 5.5		    vs 2.5</p>
<p> Pretax		     257.4		  vs 155.3</p>
<p> Turnover		   1008.1		 vs 777.9</p>
<p>NOTE - Analysts' forecasts on pre-tax profits for British Sky Broadcasting Plc were in a range of 244.0 to 263.5 million stg.  </p>
<p> Operating profit	 315.1		  vs 237.0</p>
<p> Exceptional		nil		    vs 8.2 charge</p>
<p> Interest		   53.6		   vs 77.6</p>
<p> Tax			  23.6		   vs 18.8</p>
<p> Net taxed		  233.8		  vs 136.5</p>
<p> Pay date		   Nov 14</p>
<p>Div registration date  Sept 4</p>
<p>NOTE-- Year-ago exceptional charge reflects flotation costs.</p>
<p>-- London Newsroom +44 171 542 7717</p>
</text>
<copyright>(c) Reuters Limited 1996</copyright>
<metadata>
<codes class="bip:countries:1.0">
  <code code="UK">
    <editdetail attribution="Reuters BIP Coding Group" action="confirmed" date="1996-08-20"/>
  </code>
</codes>
<codes class="bip:topics:1.0">
  <code code="C151">
    <editdetail attribution="Reuters BIP Coding Group" action="confirmed" date="1996-08-20"/>
  </code>
  <code code="C1511">
    <editdetail attribution="Reuters BIP Coding Group" action="confirmed" date="1996-08-20"/>
  </code>
</codes>
<dc element="dc.date.created" value="1996-08-20"/>
<dc element="dc.publisher" value="Reuters Holdings Plc"/>
<dc element="dc.date.published" value="1996-08-20"/>
<dc element="dc.source" value="Reuters"/>
<dc element="dc.creator.location" value="LONDON"/>
<dc element="dc.creator.location.country.name" value="UK"/>
<dc element="dc.source" value="Reuters"/>
</metadata>
</newsitem>
