<?xml version="1.0" encoding="iso-8859-1" ?>
<newsitem itemid="2389" id="root" date="1996-08-20" xml:lang="en">
<title>CANADA: Workers on strike at Quaker Oats plant.</title>
<headline>Workers on strike at Quaker Oats plant.</headline>
<dateline>TORONTO 1996-08-20</dateline>
<text>
<p>The Canadian Auto Workers union said 400 members of its Local 1996 employed by Quaker Oats in Peterborough, Ontario, went on strike Tuesday.</p>
<p>The CAW said the workers were concerned about job security and wanted an improved pension plan.</p>
<p>&quot;The company wants the right to lay off workers without regard to seniority,&quot; CAW national representative Jerry Dias said in a statement.</p>
<p>&quot;Job security is a critical issue. We need protection with regard to outsourcing and respect for the fundamental principle of seniority is essential,&quot; he added.</p>
</text>
<copyright>(c) Reuters Limited 1996</copyright>
<metadata>
<codes class="bip:countries:1.0">
  <code code="CANA">
    <editdetail attribution="Reuters BIP Coding Group" action="confirmed" date="1996-08-20"/>
  </code>
</codes>
<codes class="bip:topics:1.0">
  <code code="C42">
    <editdetail attribution="Reuters BIP Coding Group" action="confirmed" date="1996-08-20"/>
  </code>
  <code code="GJOB">
    <editdetail attribution="Reuters BIP Coding Group" action="confirmed" date="1996-08-20"/>
  </code>
</codes>
<dc element="dc.date.created" value="1996-08-20"/>
<dc element="dc.publisher" value="Reuters Holdings Plc"/>
<dc element="dc.date.published" value="1996-08-20"/>
<dc element="dc.source" value="Reuters"/>
<dc element="dc.creator.location" value="TORONTO"/>
<dc element="dc.creator.location.country.name" value="CANADA"/>
<dc element="dc.source" value="Reuters"/>
</metadata>
</newsitem>
