<?xml version="1.0" encoding="iso-8859-1" ?>
<newsitem itemid="2399" id="root" date="1996-08-20" xml:lang="en">
<title>POLAND: Polish consumer group takes Coca-Cola to court.</title>
<headline>Polish consumer group takes Coca-Cola to court.</headline>
<dateline>WARSAW 1996-08-20</dateline>
<text>
<p>Poland's Consumer Federation has issued four court writs against Coca-Cola's local unit seeking payment on behalf of people who say they won prizes in a promotion this year, PAP news agency said on Tuesday.</p>
<p>In the promotion launched by Coca-Cola Poland Services Sp. z.o.o., customers who submitted two bottle tops printed on the inside with matching dates and venues for past Olympic Games, plus the same sum of money, could win cash prizes.</p>
<p>Four consumers say the firm did not pay out when they submitted such matching caps and have sought the consumer group's support, the Polish news agency reported.</p>
<p>The demands for payment before the Warsaw provincial court total 320,000 zlotys ($116,000), it added.</p>
<p>Coca-Cola spokesman Marcin Barcz told Reuters the claims arose because on some caps the number eight had been badly printed and could be taken to look like a six, arousing some false hopes.</p>
<p>The firm had offered such disappointed contestants the chance to take part in an additional supplementary lottery for a compensation prize, but not all had accepted, he said.</p>
<p>&quot;This happened because a machine did not print a relatively small proportion of these caps entirely precisely,&quot; Barcz said.</p>
<p>All the winning tops were registered with a notary before the January to May &quot;Reach for Gold&quot; promotion and the victors were clearly identifiable despite the printing fault, he added.</p>
<p>Barcz said that the company, a wholly-owned unit of the Coca-Cola Co, would use similar contests in the future.</p>
<p>The promotion aroused wide interest, with some people advertising in local newspapers in other parts of Poland for matching caps, so as to team up and split the prizes.</p>
<p>Coca-Cola said in June that more than 600 people won sums ranging from 100 zlotys to the two main prizes of 150,000 zlotys, with payouts totalling 800,000 zlotys.</p>
<p>-- Anthony Barker +48 22 653 9700 ($ = 2.741 Polish Zloty)</p>
</text>
<copyright>(c) Reuters Limited 1996</copyright>
<metadata>
<codes class="bip:countries:1.0">
  <code code="POL">
    <editdetail attribution="Reuters BIP Coding Group" action="confirmed" date="1996-08-20"/>
  </code>
</codes>
<codes class="bip:topics:1.0">
  <code code="C32">
    <editdetail attribution="Reuters BIP Coding Group" action="confirmed" date="1996-08-20"/>
  </code>
  <code code="GCRIM">
    <editdetail attribution="Reuters BIP Coding Group" action="confirmed" date="1996-08-20"/>
  </code>
</codes>
<dc element="dc.date.created" value="1996-08-20"/>
<dc element="dc.publisher" value="Reuters Holdings Plc"/>
<dc element="dc.date.published" value="1996-08-20"/>
<dc element="dc.source" value="Reuters"/>
<dc element="dc.creator.location" value="WARSAW"/>
<dc element="dc.creator.location.country.name" value="POLAND"/>
<dc element="dc.source" value="Reuters"/>
</metadata>
</newsitem>
