<?xml version="1.0" encoding="iso-8859-1" ?>
<newsitem itemid="2406" id="root" date="1996-08-20" xml:lang="en">
<title>POLAND: Polish car sales rise 33 percent in seven months.</title>
<headline>Polish car sales rise 33 percent in seven months.</headline>
<dateline>WARSAW 1996-08-20</dateline>
<text>
<p>New car sales in Poland jumped more than 33 percent in the first seven months of 1996 compared with the same period last year, PAP news agency said on Tuesday.</p>
<p>PAP quoted a report by the Samar agency, which monitors the domestic car market, as saying that about 230,766 units were sold over the period, up from 173,435 a year earlier.</p>
<p>The Polish unit of Fiat led the market with 98,545 units sold, but its market share shrank to 43 percent this year from 51 percent in 1995.</p>
<p>Other top sellers include Daewoo-FSO, a unit of South Korea's Daewoo Corp, General Motors' German unit Adam Opel AG and France's Renault.</p>
<p>Samar Director Wojciech Drzewiecki earlier predicted that Poland's auto sales should exceed 300,000 this year, compared to about 265,000 in 1995.</p>
<p>The increase is spurred by growth in real wages and more attractive bank loans.</p>
<p>-- Warsaw Newsroom +48 22 653 9700</p>
</text>
<copyright>(c) Reuters Limited 1996</copyright>
<metadata>
<codes class="bip:countries:1.0">
  <code code="POL">
    <editdetail attribution="Reuters BIP Coding Group" action="confirmed" date="1996-08-20"/>
  </code>
</codes>
<codes class="bip:industries:1.0">
  <code code="I35101">
    <editdetail attribution="Reuters BIP Coding Group" action="confirmed" date="1996-08-20"/>
  </code>
  <code code="I61000">
    <editdetail attribution="Reuters BIP Coding Group" action="confirmed" date="1996-08-20"/>
  </code>
</codes>
<codes class="bip:topics:1.0">
  <code code="C31">
    <editdetail attribution="Reuters BIP Coding Group" action="confirmed" date="1996-08-20"/>
  </code>
  <code code="CCAT">
    <editdetail attribution="Reuters BIP Coding Group" action="confirmed" date="1996-08-20"/>
  </code>
</codes>
<dc element="dc.date.created" value="1996-08-20"/>
<dc element="dc.publisher" value="Reuters Holdings Plc"/>
<dc element="dc.date.published" value="1996-08-20"/>
<dc element="dc.source" value="Reuters"/>
<dc element="dc.creator.location" value="WARSAW"/>
<dc element="dc.creator.location.country.name" value="POLAND"/>
<dc element="dc.source" value="Reuters"/>
</metadata>
</newsitem>
