<?xml version="1.0" encoding="iso-8859-1" ?>
<newsitem itemid="2420" id="root" date="1996-08-20" xml:lang="en">
<title>AUSTRALIA: New Australian government delivers on budget cuts.</title>
<headline>New Australian government delivers on budget cuts.</headline>
<dateline>CANBERRA 1996-08-20</dateline>
<text>
<p>Australia's new conservative government released its first budget on Tuesday, slashing spending to attack a chronic deficit, but honouring key election promises to support families and small business.</p>
<p>Treasurer Peter Costello, announcing a underlying deficit of A$5.6 billion (US$4.4 billion) for the year to June 30, 1997, said tough cuts were vital to avoid Australia being &quot;dangerously exposed to shifts in the international outlook or sentiment&quot;.  </p>
<p>Costello said the five-month-old Liberal-National government had taken the tough decisions needed to turn Australia away from &quot;a path to deficit and debt&quot; in its first budget.</p>
<p>&quot;This is the once in the term, once in the decade opportunity to get it right,&quot; Costello told reporters before delivering the first conservative government budget in 14 years.</p>
<p>The budget slashed A$3.9 billion from hundreds of government programmes, but centred largely on aboriginal affairs, universities and schemes to help the jobless find work.</p>
<p>The spending cuts, many of which had been announced ahead of the budget, have sparked widespread protests around the country and triggered rioting at Canberra's parliament house on Monday.</p>
</text>
<copyright>(c) Reuters Limited 1996</copyright>
<metadata>
<codes class="bip:countries:1.0">
  <code code="AUSTR">
    <editdetail attribution="Reuters BIP Coding Group" action="confirmed" date="1996-08-20"/>
  </code>
</codes>
<codes class="bip:topics:1.0">
  <code code="E21">
    <editdetail attribution="Reuters BIP Coding Group" action="confirmed" date="1996-08-20"/>
  </code>
  <code code="E211">
    <editdetail attribution="Reuters BIP Coding Group" action="confirmed" date="1996-08-20"/>
  </code>
  <code code="ECAT">
    <editdetail attribution="Reuters BIP Coding Group" action="confirmed" date="1996-08-20"/>
  </code>
  <code code="GCAT">
    <editdetail attribution="Reuters BIP Coding Group" action="confirmed" date="1996-08-20"/>
  </code>
  <code code="GPOL">
    <editdetail attribution="Reuters BIP Coding Group" action="confirmed" date="1996-08-20"/>
  </code>
</codes>
<dc element="dc.date.created" value="1996-08-20"/>
<dc element="dc.publisher" value="Reuters Holdings Plc"/>
<dc element="dc.date.published" value="1996-08-20"/>
<dc element="dc.source" value="Reuters"/>
<dc element="dc.creator.location" value="CANBERRA"/>
<dc element="dc.creator.location.country.name" value="AUSTRALIA"/>
<dc element="dc.source" value="Reuters"/>
</metadata>
</newsitem>
