<?xml version="1.0" encoding="iso-8859-1" ?>
<newsitem itemid="2424" id="root" date="1996-08-20" xml:lang="en">
<title>NEW ZEALAND: NZ government defies opposition to sell forest.</title>
<headline>NZ government defies opposition to sell forest.</headline>
<byline>Simon Louisson</byline>
<dateline>WELLINGTON 1996-08-20</dateline>
<text>
<p>The New Zealand government thumbed its nose at public and political opposition on Tuesday by pressing ahead with the privatisation of a huge plantation forest less than two months before a general election.</p>
<p>It announced the sale of the Forestry Corporation of New Zealand to a consortium of New Zealand companies, Fletcher Challenge and Brierley Investments and China's China International Trust and Investment Corp (CITIC) for NZ$2.0 billion (US$1.38 billion).</p>
<p>The privatisation was New Zealand's second biggest after the 1990 sale of Telecom Corp for more than twice that price.</p>
<p>Finance Minister Bill Birch said he would use the net proceeds of NZ$1.6 billion to repay debt, allowing New Zealand to eliminate net foreign debt for the first time since a 1954 wool boom caused by the Korean War.</p>
<p>But the sale stirred heated opposition, and political commentators said the publicity had been partially responsible for the governing National Party's five-point dip to 37 percent support in a TV3 opinion poll published on Monday.</p>
<p>A separate TVNZ poll on Monday showed more than 60 percent of New Zealanders opposed the privatisation of Forestry Corp, which controls 188,000 hectares (465,000 acres) of prime pine and fir forest in the central North Island.</p>
<p>The sale riled opposition parties. Both the left-wing Alliance Party and the economic nationalist New Zealand First said they would return the consortium's cheque and repurchase the forest if they came to power after the general election on October 12.</p>
<p>But Birch was unrepentant, saying the sale price, exactly NZ$2.026 billion, exceeded the book value and would create new investment and jobs.</p>
<p>&quot;This exceeds the book value of NZ$2.024 billion and is a very good price,&quot; he told a briefing, adding that the consortium would invest NZ$260 million to create 700 new jobs over the next seven to eight years.</p>
<p>The Fletcher group outbid U.S. giant Weyerhaeuser and local forestry giant Carter Holt Harvey, which had teamed up with Malaysia's Jaya Tiasa and central North Island Maori tribes who claim the land the forest stands on.</p>
<p>The failure to sell to the Maori-backed consortium may cause further political fallout for the government. A spokesman for the Maori tribes said they would now try to get the land back.</p>
<p>Fletcher Forest chief executive Mike Andrews said his group now controlled a forest estate of 300,000 hectares (741,300 acres).</p>
<p>&quot;This will create a critical mass that will bring many benefits for New Zealand,&quot; he said. ($1 = NZ$1.44)</p>
</text>
<copyright>(c) Reuters Limited 1996</copyright>
<metadata>
<codes class="bip:countries:1.0">
  <code code="CHINA">
    <editdetail attribution="Reuters BIP Coding Group" action="confirmed" date="1996-08-20"/>
  </code>
  <code code="NZ">
    <editdetail attribution="Reuters BIP Coding Group" action="confirmed" date="1996-08-20"/>
  </code>
</codes>
<codes class="bip:topics:1.0">
  <code code="C183">
    <editdetail attribution="Reuters BIP Coding Group" action="confirmed" date="1996-08-20"/>
  </code>
  <code code="E12">
    <editdetail attribution="Reuters BIP Coding Group" action="confirmed" date="1996-08-20"/>
  </code>
  <code code="GPOL">
    <editdetail attribution="Reuters BIP Coding Group" action="confirmed" date="1996-08-20"/>
  </code>
  <code code="GVOTE">
    <editdetail attribution="Reuters BIP Coding Group" action="confirmed" date="1996-08-20"/>
  </code>
</codes>
<dc element="dc.date.created" value="1996-08-20"/>
<dc element="dc.publisher" value="Reuters Holdings Plc"/>
<dc element="dc.date.published" value="1996-08-20"/>
<dc element="dc.source" value="Reuters"/>
<dc element="dc.creator.location" value="WELLINGTON"/>
<dc element="dc.creator.location.country.name" value="NEW ZEALAND"/>
<dc element="dc.source" value="Reuters"/>
</metadata>
</newsitem>
