<?xml version="1.0" encoding="iso-8859-1" ?>
<newsitem itemid="2428" id="root" date="1996-08-20" xml:lang="en">
<title>SINGAPORE: Indonesia's Salim takes 73.1 pct of QAF.</title>
<headline>Indonesia's Salim takes 73.1 pct of QAF.</headline>
<dateline>SINGAPORE 1996-08-20</dateline>
<text>
<p>Indonesia's private Salim Group had received acceptances from 126.3 million QAF shares, or 39.8 percent of the bread-making company, at the close of its takeover offer on Tuesday, a company statement said.</p>
<p>KMP Private Ltd, an investment vehicle of the Salim group through its wholly-owned subsidiary, Qualif Pte Ltd, and parties acting in concert now hold about 231.8 million QAF shares or 73.1 percent of the company, it said.</p>
<p>Qualif also holds 83.58 million QAF warrants representing 66.7 percent of the warrants at the closing date, it added.</p>
<p>-- Singapore Newsroom (65 8703080)</p>
</text>
<copyright>(c) Reuters Limited 1996</copyright>
<metadata>
<codes class="bip:countries:1.0">
  <code code="INDON">
    <editdetail attribution="Reuters BIP Coding Group" action="confirmed" date="1996-08-20"/>
  </code>
  <code code="SINGP">
    <editdetail attribution="Reuters BIP Coding Group" action="confirmed" date="1996-08-20"/>
  </code>
</codes>
<codes class="bip:topics:1.0">
  <code code="C181">
    <editdetail attribution="Reuters BIP Coding Group" action="confirmed" date="1996-08-20"/>
  </code>
</codes>
<dc element="dc.date.created" value="1996-08-20"/>
<dc element="dc.publisher" value="Reuters Holdings Plc"/>
<dc element="dc.date.published" value="1996-08-20"/>
<dc element="dc.source" value="Reuters"/>
<dc element="dc.creator.location" value="SINGAPORE"/>
<dc element="dc.creator.location.country.name" value="SINGAPORE"/>
<dc element="dc.source" value="Reuters"/>
</metadata>
</newsitem>
