<?xml version="1.0" encoding="iso-8859-1" ?>
<newsitem itemid="2444" id="root" date="1996-08-20" xml:lang="en">
<title>JAPAN: Mitsui Trust to sell Koito Mfg shares.</title>
<headline>Mitsui Trust to sell Koito Mfg shares.</headline>
<dateline>TOKYO 1996-08-20</dateline>
<text>
<p>Koito Manufacturing Co Ltd said on Tuesday that its second largest shareholder Mitsui Trust &amp; Banking Co Ltd will sell most of its stake in September.</p>
<p>A Koito spokesman said a sale is necessary because of an anti-monopoly law which prohibits a financial institution from having more than five percent of shares in another company, and also to release more Koito shares into the market.</p>
<p>Mitsui Trust now has 28.44 million shares or a 17.6 percent stake in Koito, which makes head lamps for cars, he said.</p>
<p>Mitsui Trust will sell up to 25.19 million shares through securities houses, the Koito spokesman said.</p>
<p>Of that, 14.69 million shares are planned to be sold in Japan and 10.50 million in overseas markets. The price of the shares will be decided September 3-11, the firm said.</p>
<p>Toyota Motor Corp is currently the largest shareholder in Koito with a 19.1 percent stake.</p>
</text>
<copyright>(c) Reuters Limited 1996</copyright>
<metadata>
<codes class="bip:countries:1.0">
  <code code="JAP">
    <editdetail attribution="Reuters BIP Coding Group" action="confirmed" date="1996-08-20"/>
  </code>
</codes>
<codes class="bip:industries:1.0">
  <code code="I35101">
    <editdetail attribution="Reuters BIP Coding Group" action="confirmed" date="1996-08-20"/>
  </code>
  <code code="I35300">
    <editdetail attribution="Reuters BIP Coding Group" action="confirmed" date="1996-08-20"/>
  </code>
  <code code="I83100">
    <editdetail attribution="Reuters BIP Coding Group" action="confirmed" date="1996-08-20"/>
  </code>
</codes>
<codes class="bip:topics:1.0">
  <code code="C18">
    <editdetail attribution="Reuters BIP Coding Group" action="confirmed" date="1996-08-20"/>
  </code>
  <code code="C181">
    <editdetail attribution="Reuters BIP Coding Group" action="confirmed" date="1996-08-20"/>
  </code>
  <code code="C34">
    <editdetail attribution="Reuters BIP Coding Group" action="confirmed" date="1996-08-20"/>
  </code>
  <code code="CCAT">
    <editdetail attribution="Reuters BIP Coding Group" action="confirmed" date="1996-08-20"/>
  </code>
</codes>
<dc element="dc.date.created" value="1996-08-20"/>
<dc element="dc.publisher" value="Reuters Holdings Plc"/>
<dc element="dc.date.published" value="1996-08-20"/>
<dc element="dc.source" value="Reuters"/>
<dc element="dc.creator.location" value="TOKYO"/>
<dc element="dc.creator.location.country.name" value="JAPAN"/>
<dc element="dc.source" value="Reuters"/>
</metadata>
</newsitem>
