<?xml version="1.0" encoding="iso-8859-1" ?>
<newsitem itemid="2449" id="root" date="1996-08-20" xml:lang="en">
<title>CHINA: China car production surplus prompts exports.</title>
<headline>China car production surplus prompts exports.</headline>
<dateline>BEIJING 1996-08-20</dateline>
<text>
<p>Chinese car production is outpacing domestic demand, and makers need to start exporting to close the widening gap, the Economic Information Daily quoted authorities as saying on Tuesday.</p>
<p>Industry specialists predict that by 2000, China would have an annual production capacity of 1.2-to-1.4 million light goods and passenger vehicles, with the demand at about 800,000 units, the newspaper said.</p>
<p>Production capactiy for light vehicles would rise to 1.7-to-1.8 vehicles for each one in demand. That compares with a ratio of about 1.4-to-1.0 in 1995, it said.</p>
<p>China produced just 555,000 light vehicles in 1995 despite having an annual production capacity of more than 800,000 units, it said, quoting statistics from the Ministry of Machine-Building Industry.</p>
<p>Industry officials predict that by the turn of the century, the total demand for cars and all types of trucks would be 2.7 million per year, it said without giving a figure for expected capacity at that time.</p>
</text>
<copyright>(c) Reuters Limited 1996</copyright>
<metadata>
<codes class="bip:countries:1.0">
  <code code="CHINA">
    <editdetail attribution="Reuters BIP Coding Group" action="confirmed" date="1996-08-20"/>
  </code>
</codes>
<codes class="bip:industries:1.0">
  <code code="I35101">
    <editdetail attribution="Reuters BIP Coding Group" action="confirmed" date="1996-08-20"/>
  </code>
</codes>
<codes class="bip:topics:1.0">
  <code code="C21">
    <editdetail attribution="Reuters BIP Coding Group" action="confirmed" date="1996-08-20"/>
  </code>
  <code code="C31">
    <editdetail attribution="Reuters BIP Coding Group" action="confirmed" date="1996-08-20"/>
  </code>
  <code code="C312">
    <editdetail attribution="Reuters BIP Coding Group" action="confirmed" date="1996-08-20"/>
  </code>
  <code code="CCAT">
    <editdetail attribution="Reuters BIP Coding Group" action="confirmed" date="1996-08-20"/>
  </code>
</codes>
<dc element="dc.date.created" value="1996-08-20"/>
<dc element="dc.publisher" value="Reuters Holdings Plc"/>
<dc element="dc.date.published" value="1996-08-20"/>
<dc element="dc.source" value="Reuters"/>
<dc element="dc.creator.location" value="BEIJING"/>
<dc element="dc.creator.location.country.name" value="CHINA"/>
<dc element="dc.source" value="Reuters"/>
</metadata>
</newsitem>
