<?xml version="1.0" encoding="iso-8859-1" ?>
<newsitem itemid="2450" id="root" date="1996-08-20" xml:lang="en">
<title>HONG KONG: Chesterfield year net loss HK$65.93 mln.</title>
<headline>Chesterfield year net loss HK$65.93 mln.</headline>
<dateline>HONG KONG 1996-08-20</dateline>
<text>
<p>Year ended March 31</p>
<p>(in million HK$ unless stated)</p>
<p>    Shr (H.K. cents)	  5.1 loss   vs 16.2 loss (adjusted)</p>
<p>    Dividend (H.K. cents)   nil	  vs nil</p>
<p>    Exceptional items	 54.36 loss vs 157.84 loss</p>
<p>    Net			   65.93 loss vs 173.93 loss</p>
<p>    Turnover		    94.15	vs 72.71 (see note)</p>
<p>    Company name		Chesterfield Ltd</p>
<p>    Books close		 September 19-24</p>
<p>    Dividend payable	  N/A</p>
<p>NOTE - A knitwear manufacturer.</p>
<p>Net is after an exceptional loss on provision for non-recovery of amounts due from unconsolidated subsidiaries, writeoff of goodwill on deconsolidation of subsidiaries, provision for non-recovery of amount due from MKI Corp, write back of provisions for diminution in value of investment properties, Malaysian property and Hong Kong property.</p>
<p>Comparative turnover was adjusted to $72.71 million from HK$73.16 million to reflect decision to report net profit on sales of marketable securities instead of gross proceeds.</p>
<p>Comparative loss per share adjusted for rights issue.</p>
<p>Total dividend for year is nil vs nil.</p>
</text>
<copyright>(c) Reuters Limited 1996</copyright>
<metadata>
<codes class="bip:countries:1.0">
  <code code="HKONG">
    <editdetail attribution="Reuters BIP Coding Group" action="confirmed" date="1996-08-20"/>
  </code>
  <code code="MALAY">
    <editdetail attribution="Reuters BIP Coding Group" action="confirmed" date="1996-08-20"/>
  </code>
</codes>
<codes class="bip:topics:1.0">
  <code code="C151">
    <editdetail attribution="Reuters BIP Coding Group" action="confirmed" date="1996-08-20"/>
  </code>
  <code code="C1511">
    <editdetail attribution="Reuters BIP Coding Group" action="confirmed" date="1996-08-20"/>
  </code>
</codes>
<dc element="dc.date.created" value="1996-08-20"/>
<dc element="dc.publisher" value="Reuters Holdings Plc"/>
<dc element="dc.date.published" value="1996-08-20"/>
<dc element="dc.source" value="Reuters"/>
<dc element="dc.creator.location" value="HONG KONG"/>
<dc element="dc.creator.location.country.name" value="HONG KONG"/>
<dc element="dc.source" value="Reuters"/>
</metadata>
</newsitem>
