<?xml version="1.0" encoding="iso-8859-1" ?>
<newsitem itemid="2457" id="root" date="1996-08-20" xml:lang="en">
<title>TAIWAN: President Jan-July profits rise.</title>
<headline>President Jan-July profits rise.</headline>
<dateline>TAIPEI 1996-08-20</dateline>
<text>
<p>Taiwan food giant President Enterprises Corp said on Tuesday its January-July pretax profits rose to T$1.735 billion from T$1.214 billion in the 1995 period.</p>
<p>Its January-July sales rose to T$15.56 billion from T$14.88 billion a year earlier, the firm said in a statement.</p>
<p>President Enterprises, Taiwan's largest processed food company, has set a 1996 pretax profit target of T$4.6 billion on sales of T$27.2 billion.</p>
<p>-- Taipei Newsroom (5080815)</p>
</text>
<copyright>(c) Reuters Limited 1996</copyright>
<metadata>
<codes class="bip:countries:1.0">
  <code code="TAIWAN">
    <editdetail attribution="Reuters BIP Coding Group" action="confirmed" date="1996-08-20"/>
  </code>
</codes>
<codes class="bip:topics:1.0">
  <code code="C151">
    <editdetail attribution="Reuters BIP Coding Group" action="confirmed" date="1996-08-20"/>
  </code>
</codes>
<dc element="dc.date.created" value="1996-08-20"/>
<dc element="dc.publisher" value="Reuters Holdings Plc"/>
<dc element="dc.date.published" value="1996-08-20"/>
<dc element="dc.source" value="Reuters"/>
<dc element="dc.creator.location" value="TAIPEI"/>
<dc element="dc.creator.location.country.name" value="TAIWAN"/>
<dc element="dc.source" value="Reuters"/>
</metadata>
</newsitem>
