<?xml version="1.0" encoding="iso-8859-1" ?>
<newsitem itemid="2458" id="root" date="1996-08-20" xml:lang="en">
<title>THAILAND: Thai opposition gears up for no-confidence debate.</title>
<headline>Thai opposition gears up for no-confidence debate.</headline>
<byline>Sutin Wannabovorn</byline>
<dateline>BANGKOK 1996-08-20</dateline>
<text>
<p>Thailand's opposition parties submitted a no-confidence motion on Tuesday against beleaguered Prime Minister Banharn Silpa-archa, accusing him of damaging the country through mismanagement and inefficiency.</p>
<p>&quot;Prime Minister Banharn is inefficient and shows a lack of leadership... ,&quot; the opposition said in the motion submitted to the president of parliament.</p>
<p>&quot;He has abused his duty and turned a blind eye to rampant corruption... all of which has caused damage to the country... &quot;</p>
<p>Debate on the motion will begin on September 11, an opposition member of parliament (MP) told Reuters.</p>
<p>The opposition has said it was confident there was enough strong evidence to bring down Banharn's 13-month old coalition, which has been rocked by the withdrawal of one of its member parties.</p>
<p>&quot;The public will be shocked with the evidence we have in hand,&quot; Democrat parliamentarian Chamni Sakdiseth told reporters after the motion was put forward.</p>
<p>Banharn has denied allegations of mismanagement and impropriety, and said he was ready to face the accusations in parliament and had no plans to dissolve the house.</p>
<p>There had been speculation he might try to escape the grilling by dissolving parliament or resigning before the debate.</p>
<p>&quot;You can just forget about me resigning or dissolving parliament,&quot; Banharn said on Monday. He was not immediately available for comment on Tuesday after the no-confidence motion was submitted.</p>
<p>Questions have been raised about the future of Banharn's government since last week when the third largest member, the Palang Dharma party, pulled out of the coalition.</p>
<p>Although the pullout left the six-party coalition with a majority in parliament, factional rivalry within Banharn's own Chart Thai party and threats of more partners leaving the alliance have raised doubts about its survival.</p>
<p>Palang Dharma resigned last week after a row in cabinet over controversial banking licences. The remaining six parties vowed to stick together at least until the 1996/97 fiscal budget bill was passed.</p>
<p>The debate on the budget bill, which began last Wednesday and is expected to be boted on later on Tuesday, was still going on as the censure motion was put forward.</p>
<p>The record budget of 984 billion baht ($39.36 billion) is expected to easily win parliamentary approval. Palang Dharma said it would support the bill to ensure its passage.</p>
<p>In the censure debate, the opposition has said it will not only grill Banharn over alleged mismanagement and corruption, but also plans to attack him over his handling of the economy.</p>
<p>Political analysts said on Tuesday that Banharn has various options, making it difficult to predict the course of events in coming weeks.</p>
<p>&quot;Banharn may make a major change to his coalition by resigning and forming a new coalition,&quot; said Sukhum Naulsakul, a politics lecturer at Ramkhamhang University.</p>
<p>&quot;He could bring more parties in to his coalition to boost his numbers to ensure he passes the censure vote,&quot; he said.</p>
<p>($1 = 25 baht)</p>
</text>
<copyright>(c) Reuters Limited 1996</copyright>
<metadata>
<codes class="bip:countries:1.0">
  <code code="THAIL">
    <editdetail attribution="Reuters BIP Coding Group" action="confirmed" date="1996-08-20"/>
  </code>
</codes>
<codes class="bip:topics:1.0">
  <code code="GPOL">
    <editdetail attribution="Reuters BIP Coding Group" action="confirmed" date="1996-08-20"/>
  </code>
</codes>
<dc element="dc.date.created" value="1996-08-20"/>
<dc element="dc.publisher" value="Reuters Holdings Plc"/>
<dc element="dc.date.published" value="1996-08-20"/>
<dc element="dc.source" value="Reuters"/>
<dc element="dc.creator.location" value="BANGKOK"/>
<dc element="dc.creator.location.country.name" value="THAILAND"/>
<dc element="dc.source" value="Reuters"/>
</metadata>
</newsitem>
