<?xml version="1.0" encoding="iso-8859-1" ?>
<newsitem itemid="2459" id="root" date="1996-08-20" xml:lang="en">
<title>TAIWAN: Taiwan accidents could cost oil giant T$2 billion.</title>
<headline>Taiwan accidents could cost oil giant T$2 billion.</headline>
<dateline>TAIPEI 1996-08-20</dateline>
<text>
<p>Five accidents over 10 days could cost Taiwan's Chinese Petroleum Corp more than T$2 billion (US$72.7 million) in compensation and losses, the state-owned monopoly said on Tuesday.</p>
<p>&quot;Fishermen in the Kaohsiung area and residents near the oil polluted No.5 naphtha cracker have demanded about T$1.7 billion in various types of compensation,&quot; Chinese Petroleum official Huang Yaw-hao said.</p>
<p>&quot;Losses in production and repair costs are close to T$300 million over these incidents.&quot;</p>
<p>Negotiations for compensation were under way and plaintiffs have asked for a final deal by Friday, Huang said.</p>
<p>Angry residents have threatened public protests over five separate CPC since August 9 -- three fires, an undersea pipeline leak that fouled the ocean and another oil leak on land.</p>
<p>As many as 8,000 Kaohsiung fishermen are demanding about T$1.2 billion ($43.6 million) in compensation.</p>
<p>Representatives of more than 5,000 residents claiming to have been affected by an August 9 oil leak near the No.5 naphtha cracker met with Chinese Petroleum executives on Monday to discuss damages, Huang said.</p>
<p>The sides failed to reach an agreement on demands of more than T$500 million ($18.18 million), he said.</p>
<p>Production losses alone during the shutdown of the cracker have reached T$30 million.</p>
<p>A leak at a CPC natural gas well that caught fire on Sunday is expected to cost the firm T$200 million in losses.</p>
<p>Chinese Petroleum's insurer, Chung Kuo Insurance Co Ltd is expected to pick up some of the losses.</p>
<p>Officials have yet to estimate the cost of the coastal cleanup and environmental damage near Chinese Petroleum's ruptured underwater oil pipeline.</p>
<p>(US$1:T$27.5)</p>
<p>-- Taipei Newsroom (2-5080815)</p>
</text>
<copyright>(c) Reuters Limited 1996</copyright>
<metadata>
<codes class="bip:countries:1.0">
  <code code="TAIWAN">
    <editdetail attribution="Reuters BIP Coding Group" action="confirmed" date="1996-08-20"/>
  </code>
</codes>
<codes class="bip:industries:1.0">
  <code code="I13000">
    <editdetail attribution="Reuters BIP Coding Group" action="confirmed" date="1996-08-20"/>
  </code>
  <code code="I1300003">
    <editdetail attribution="Reuters BIP Coding Group" action="confirmed" date="1996-08-20"/>
  </code>
  <code code="I82000">
    <editdetail attribution="Reuters BIP Coding Group" action="confirmed" date="1996-08-20"/>
  </code>
</codes>
<codes class="bip:topics:1.0">
  <code code="C12">
    <editdetail attribution="Reuters BIP Coding Group" action="confirmed" date="1996-08-20"/>
  </code>
  <code code="C15">
    <editdetail attribution="Reuters BIP Coding Group" action="confirmed" date="1996-08-20"/>
  </code>
  <code code="C152">
    <editdetail attribution="Reuters BIP Coding Group" action="confirmed" date="1996-08-20"/>
  </code>
  <code code="CCAT">
    <editdetail attribution="Reuters BIP Coding Group" action="confirmed" date="1996-08-20"/>
  </code>
  <code code="GCAT">
    <editdetail attribution="Reuters BIP Coding Group" action="confirmed" date="1996-08-20"/>
  </code>
  <code code="GCRIM">
    <editdetail attribution="Reuters BIP Coding Group" action="confirmed" date="1996-08-20"/>
  </code>
</codes>
<dc element="dc.date.created" value="1996-08-20"/>
<dc element="dc.publisher" value="Reuters Holdings Plc"/>
<dc element="dc.date.published" value="1996-08-20"/>
<dc element="dc.source" value="Reuters"/>
<dc element="dc.creator.location" value="TAIPEI"/>
<dc element="dc.creator.location.country.name" value="TAIWAN"/>
<dc element="dc.source" value="Reuters"/>
</metadata>
</newsitem>
