<?xml version="1.0" encoding="iso-8859-1" ?>
<newsitem itemid="2469" id="root" date="1996-08-20" xml:lang="en">
<title>KUWAIT: Kuwait firm takes majority stake in Saudi company.</title>
<headline>Kuwait firm takes majority stake in Saudi company.</headline>
<dateline>KUWAIT 1996-08-20</dateline>
<text>
<p>Kuwait Investment Projects Company said on Tuesday it purchased a majority stake in Saudi Arabian Dairy and Food Company.</p>
<p>&quot;We bought 73 percent of SADFCO from Kuwaiti investors and a Saudi investor,&quot; an official in the Kuwaiti company said. The rest of the shares are held by Saudi citizens.</p>
<p>The official could not give a value for the deal but he told Reuters &quot;the purpose of the move is to expand our operations in the Gulf.&quot;</p>
<p>The Kuwait firm, which has a capital of 105 million dinars ($351.2 million), is a listed investment company.</p>
<p>SADFCO made a net profit of 70.4 million riyals ($18.8 million) in 1995 on sales of 712.8 million riyals, the Kuwait News Agency said.</p>
<p>The Saudi firm has six plants in the kingdom and one in Egypt and produces tomato paste, juices, ice cream, cheeses, powdered milk and light meals, the agency added. ($1=3.75 Saudi riyals, $1=.299 Kuwaiti dinars)</p>
</text>
<copyright>(c) Reuters Limited 1996</copyright>
<metadata>
<codes class="bip:countries:1.0">
  <code code="KUWAIT">
    <editdetail attribution="Reuters BIP Coding Group" action="confirmed" date="1996-08-20"/>
  </code>
  <code code="SAARAB">
    <editdetail attribution="Reuters BIP Coding Group" action="confirmed" date="1996-08-20"/>
  </code>
</codes>
<codes class="bip:topics:1.0">
  <code code="C18">
    <editdetail attribution="Reuters BIP Coding Group" action="confirmed" date="1996-08-20"/>
  </code>
  <code code="C181">
    <editdetail attribution="Reuters BIP Coding Group" action="confirmed" date="1996-08-20"/>
  </code>
  <code code="CCAT">
    <editdetail attribution="Reuters BIP Coding Group" action="confirmed" date="1996-08-20"/>
  </code>
</codes>
<dc element="dc.date.created" value="1996-08-20"/>
<dc element="dc.publisher" value="Reuters Holdings Plc"/>
<dc element="dc.date.published" value="1996-08-20"/>
<dc element="dc.source" value="Reuters"/>
<dc element="dc.creator.location" value="KUWAIT"/>
<dc element="dc.creator.location.country.name" value="KUWAIT"/>
<dc element="dc.source" value="Reuters"/>
</metadata>
</newsitem>
