<?xml version="1.0" encoding="iso-8859-1" ?>
<newsitem itemid="2475" id="root" date="1996-08-20" xml:lang="en">
<title>LEBANON: Israeli blitz hurt Lebanon economy -- report.</title>
<headline>Israeli blitz hurt Lebanon economy -- report.</headline>
<byline>Haitham Haddadin</byline>
<dateline>BEIRUT 1996-08-20</dateline>
<text>
<p>Lebanon's economic activity stagnated due to a 17-day Israeli blitz in April that caused $300 million in damages, a leading Beirut bank said on Tuesday.</p>
<p>&quot;Aggregate economic activity was remarkably hit by a new Israeli aggression against Lebanon during April that resulted in a greater degree of stagnation,&quot; Fransabank said in its economic report for the second quarter of 1996.</p>
<p>&quot;Based on some of these unfavorable economic conditions, several domestic and foreign experts estimate Lebanon's growth rate to run at nearly 3-4 percent this year, i.e. half of its 1995 level,&quot; the bank added.</p>
<p>The bank said the economic slowdown was also the result of poor performance in some influential sectors and slower capital inflows accompanied by an upsurge in public debt that curtailed the private sector's ability to acquire investment funds.</p>
<p>It said the April 11-27 operation caused $300 million in damages to infrastructure like electricity, telecommunications, water and road networks, and to agricultural, industrial and trade enterprises along with housing and commercial units.</p>
<p>Another leading bank, Banque Audi, had estimated damages at $400 million to $500 million in the attack, in which 200 people, mainly civilians, were killed. Israel launched its &quot;Operation Grapes of Wrath&quot; operation to end Katyusha rocket attacks by Hizbollah guerrillas on northern Israel.</p>
<p>Fransabank said that private sector initiative, coupled with wise monetary and financial policies, &quot;could initiate a potential turn in economic prospects and lessen the sluggishness during the second half of 1996.&quot;</p>
<p>The military attack on southern Lebanon occured when the country had succeeded in transforming its market into a competitive regional centre by attracting international financial and banking institutions and entering international markets via Eurobond issues, it said.</p>
<p>&quot;This aggression, coupled by uncertain peace negotiations in the Middle East, has influenced to a large extent the current planned huge investments in the touristic sector, nearly $500 million, resulting perhaps in some delay,&quot; Fransabank said.</p>
<p>The report said that public debt rose 8.2 percent in the second quarter to $8.4 billion, of which $7 billion was internal debt and $1.4 billion was external debt. It said part of the increase in external debt was due to a $100-million Eurobond issue in May.</p>
<p>The rise in public debt was largely due to growth in the budget deficit and the interest payments on public borrowing.</p>
<p>The report said despite the adverse consequences of the Israeli operation, monetary stability continued to prevail over the period, when monetary authorities maintained twin policies of exchange rate stabilisation and relatively tight monetary policy.</p>
<p>The pound improved in value to 1,571 to the U.S. dollar at the end of June from 1,583.5 at the end of March, it added.</p>
<p>The bank said the trade balance recorded a deficit of $1.5 billion in the second quarter but capital inflows offset the deficit and led to a second quarter balance of payments surplus of $7.8 million compared with a surplus of $29 million in the first quarter.</p>
<p>($1 = 1,564 Lebanese pounds)</p>
</text>
<copyright>(c) Reuters Limited 1996</copyright>
<metadata>
<codes class="bip:countries:1.0">
  <code code="ISRAEL">
    <editdetail attribution="Reuters BIP Coding Group" action="confirmed" date="1996-08-20"/>
  </code>
  <code code="LEBAN">
    <editdetail attribution="Reuters BIP Coding Group" action="confirmed" date="1996-08-20"/>
  </code>
</codes>
<codes class="bip:topics:1.0">
  <code code="E11">
    <editdetail attribution="Reuters BIP Coding Group" action="confirmed" date="1996-08-20"/>
  </code>
  <code code="ECAT">
    <editdetail attribution="Reuters BIP Coding Group" action="confirmed" date="1996-08-20"/>
  </code>
</codes>
<dc element="dc.date.created" value="1996-08-20"/>
<dc element="dc.publisher" value="Reuters Holdings Plc"/>
<dc element="dc.date.published" value="1996-08-20"/>
<dc element="dc.source" value="Reuters"/>
<dc element="dc.creator.location" value="BEIRUT"/>
<dc element="dc.creator.location.country.name" value="LEBANON"/>
<dc element="dc.source" value="Reuters"/>
</metadata>
</newsitem>
