<?xml version="1.0" encoding="iso-8859-1" ?>
<newsitem itemid="2482" id="root" date="1996-08-20" xml:lang="en">
<title>USA: Japanese kidnap victim says captivity was harrowing.</title>
<headline>Japanese kidnap victim says captivity was harrowing.</headline>
<dateline>SAN DIEGO 1996-08-20</dateline>
<text>
<p>The Japanese electronics executive who was kidnapped in Mexico described his nine-day ordeal on Tuesday as harrowing and said he was looking forward to some rest and freedom.</p>
<p>Speaking for the first time since he was freed on Monday, Mamoru Konno told a news conference, &quot;I plan now to rest and enjoy the company of my family and colleagues and savor the sweetness of freedom.&quot;</p>
<p>The 57-year-old president of a U.S. subsidiary of Japan's Sanyo Electric Co looked tired and fragile, and refused to say when he would return to work.</p>
<p>&quot;It took a tremendous toll on me, physically, emotionally and intellectually,&quot; he told a news conference at Sanyo's San Diego facilities on Tuesday.</p>
<p>Konno was found in the basement of an unoccupied building in Tijuana, just south of the Mexican border, early on Monday morning. Government officials said he was freed after kidnappers received $2 million in unmarked $100 bills.</p>
<p>&quot;It was a harrowing ordeal and I sincerely hope that no one has to go through it,&quot; said Konno, who was seized Aug. 10 as he travelled home to San Diego from a company party and baseball game in Tijuana.</p>
<p>Jose Luis Anaya Bautista, state attorney general of Baja California, said on Monday that the ransom was paid on Saturday night with no apparent guarantee Konno would be released.</p>
<p>Police are still searching for six suspects.</p>
<p>&quot;Last week was one of the worst weeks of my life, although I am in good health,&quot; Konno said.</p>
<p>Konno thanked Mexican, U.S. and Japanese authorities, as well as his family, for helping him survive the ordeal.</p>
<p>&quot;I think that's what kept me going,&quot; he said.</p>
<p>Konno, who is a father of three, was joined by his oldest son, Kenji, 26.</p>
<p>&quot;I'm happy to be reunited with my father,&quot; Kenji said.</p>
</text>
<copyright>(c) Reuters Limited 1996</copyright>
<metadata>
<codes class="bip:countries:1.0">
  <code code="JAP">
    <editdetail attribution="Reuters BIP Coding Group" action="confirmed" date="1996-08-20"/>
  </code>
  <code code="MEX">
    <editdetail attribution="Reuters BIP Coding Group" action="confirmed" date="1996-08-20"/>
  </code>
</codes>
<codes class="bip:industries:1.0">
  <code code="I34540">
    <editdetail attribution="Reuters BIP Coding Group" action="confirmed" date="1996-08-20"/>
  </code>
</codes>
<codes class="bip:topics:1.0">
  <code code="GCAT">
    <editdetail attribution="Reuters BIP Coding Group" action="confirmed" date="1996-08-20"/>
  </code>
  <code code="GCRIM">
    <editdetail attribution="Reuters BIP Coding Group" action="confirmed" date="1996-08-20"/>
  </code>
  <code code="GVIO">
    <editdetail attribution="Reuters BIP Coding Group" action="confirmed" date="1996-08-20"/>
  </code>
</codes>
<dc element="dc.date.created" value="1996-08-20"/>
<dc element="dc.publisher" value="Reuters Holdings Plc"/>
<dc element="dc.date.published" value="1996-08-20"/>
<dc element="dc.source" value="Reuters"/>
<dc element="dc.creator.location" value="SAN DIEGO"/>
<dc element="dc.creator.location.country.name" value="USA"/>
<dc element="dc.source" value="Reuters"/>
</metadata>
</newsitem>
