<?xml version="1.0" encoding="iso-8859-1" ?>
<newsitem itemid="2500" id="root" date="1996-08-20" xml:lang="en">
<title>USA: Blue chips end higher as Fed holds rates unchanged.</title>
<headline>Blue chips end higher as Fed holds rates unchanged.</headline>
<dateline>NEW YORK 1996-08-20</dateline>
<text>
<p>Blue-chip stocks bounded higher Tuesday as the Federal Reserve's decision to keep interest rates unchanged removed a possible roadblock to the market's continued rally.</p>
<p>Based on early and unofficial data, the Dow Jones industrial average closed up 21.82 points at 5,721.26.</p>
<p>In the broader market, advancing issues led declines 12-10 on moderate volume of 336 million shares on the New York Stock Exchange.</p>
</text>
<copyright>(c) Reuters Limited 1996</copyright>
<metadata>
<codes class="bip:countries:1.0">
  <code code="USA">
    <editdetail attribution="Reuters BIP Coding Group" action="confirmed" date="1996-08-20"/>
  </code>
</codes>
<codes class="bip:topics:1.0">
  <code code="E12">
    <editdetail attribution="Reuters BIP Coding Group" action="confirmed" date="1996-08-20"/>
  </code>
  <code code="M11">
    <editdetail attribution="Reuters BIP Coding Group" action="confirmed" date="1996-08-20"/>
  </code>
</codes>
<dc element="dc.date.created" value="1996-08-20"/>
<dc element="dc.publisher" value="Reuters Holdings Plc"/>
<dc element="dc.date.published" value="1996-08-20"/>
<dc element="dc.source" value="Reuters"/>
<dc element="dc.creator.location" value="NEW YORK"/>
<dc element="dc.creator.location.country.name" value="USA"/>
<dc element="dc.source" value="Reuters"/>
</metadata>
</newsitem>
