<?xml version="1.0" encoding="iso-8859-1" ?>
<newsitem itemid="2505" id="root" date="1996-08-20" xml:lang="en">
<title>USA: Clinton signs law raising minimum wage to $5.15.</title>
<headline>Clinton signs law raising minimum wage to $5.15.</headline>
<dateline>WASHINGTON 1996-08-20</dateline>
<text>
<p>President Bill Clinton handed millions of Americans a raise on Tuesday, signing into law a bill to increase the minimum wage for the first time in five years, by 90 cents per hour to $5.15.</p>
<p>&quot;For many this bill will make the difference between their ability to keep their families together and their failure to do so,&quot; Clinton said as he signed the bill surrounded by workers who earn the minimum wage and their children. &quot;It's about time they got a reward.&quot;  </p>
<p>The bill will boost the wage, typically paid to unskilled workers in restaurants and stores, by 50 cents to $4.75 on Oct. 1 and by 40 cents to $5.15 on Sept. 1, 1997.</p>
<p>It will sweeten the pill for the mostly small businesses that will pay the higher labor costs by handing them some $22 billion in tax breaks over 10 years, paying for this in part by reimposing a 10 percent tax on airline tickets.</p>
<p>The passage of the minimum wage is a victory for Clinton, who called for the measure when he ran for president in 1992, and his fellow Democrats, who forced the legislation through Congress over the objections of many Republicans.</p>
<p>Clinton signed the bill with great fanfare at an elaborate outdoor ceremony with music from the Marine band. After signing the bill, he carried a small girl in a pink dress -- the daughter of one of the workers invited -- in his arms as he greeted the crowd.</p>
</text>
<copyright>(c) Reuters Limited 1996</copyright>
<metadata>
<codes class="bip:countries:1.0">
  <code code="USA">
    <editdetail attribution="Reuters BIP Coding Group" action="confirmed" date="1996-08-20"/>
  </code>
</codes>
<codes class="bip:topics:1.0">
  <code code="C42">
    <editdetail attribution="Reuters BIP Coding Group" action="confirmed" date="1996-08-20"/>
  </code>
  <code code="CCAT">
    <editdetail attribution="Reuters BIP Coding Group" action="confirmed" date="1996-08-20"/>
  </code>
  <code code="E41">
    <editdetail attribution="Reuters BIP Coding Group" action="confirmed" date="1996-08-20"/>
  </code>
  <code code="ECAT">
    <editdetail attribution="Reuters BIP Coding Group" action="confirmed" date="1996-08-20"/>
  </code>
  <code code="GCAT">
    <editdetail attribution="Reuters BIP Coding Group" action="confirmed" date="1996-08-20"/>
  </code>
  <code code="GJOB">
    <editdetail attribution="Reuters BIP Coding Group" action="confirmed" date="1996-08-20"/>
  </code>
  <code code="GPOL">
    <editdetail attribution="Reuters BIP Coding Group" action="confirmed" date="1996-08-20"/>
  </code>
</codes>
<dc element="dc.date.created" value="1996-08-20"/>
<dc element="dc.publisher" value="Reuters Holdings Plc"/>
<dc element="dc.date.published" value="1996-08-20"/>
<dc element="dc.source" value="Reuters"/>
<dc element="dc.creator.location" value="WASHINGTON"/>
<dc element="dc.creator.location.country.name" value="USA"/>
<dc element="dc.source" value="Reuters"/>
</metadata>
</newsitem>
