<?xml version="1.0" encoding="iso-8859-1" ?>
<newsitem itemid="2509" id="root" date="1996-08-20" xml:lang="en">
<title>USA: Kiwi International gets OK on adding service.</title>
<headline>Kiwi International gets OK on adding service.</headline>
<dateline>NEWARK, N.J.</dateline>
<text>
<p>Federal regulators have given Kiwi International Air Lines the green light to start flying two more planes after the carrier cut back its flights in June due to problems with record-keeping, the company said Tuesday.</p>
<p>The Federal Aviation Administration's action means the carrier is again allowed to operate all of its 15 aircraft.</p>
<p>Kiwi cut about 25 percent of its flights in late June after an examination by the agency revealed problems involving pilot training records at the airline.</p>
</text>
<copyright>(c) Reuters Limited 1996</copyright>
<metadata>
<codes class="bip:countries:1.0">
  <code code="USA">
    <editdetail attribution="Reuters BIP Coding Group" action="confirmed" date="1996-08-20"/>
  </code>
</codes>
<codes class="bip:industries:1.0">
  <code code="I75000">
    <editdetail attribution="Reuters BIP Coding Group" action="confirmed" date="1996-08-20"/>
  </code>
</codes>
<codes class="bip:topics:1.0">
  <code code="C13">
    <editdetail attribution="Reuters BIP Coding Group" action="confirmed" date="1996-08-20"/>
  </code>
  <code code="C21">
    <editdetail attribution="Reuters BIP Coding Group" action="confirmed" date="1996-08-20"/>
  </code>
  <code code="CCAT">
    <editdetail attribution="Reuters BIP Coding Group" action="confirmed" date="1996-08-20"/>
  </code>
</codes>
<dc element="dc.publisher" value="Reuters Holdings Plc"/>
<dc element="dc.date.published" value="1996-08-20"/>
<dc element="dc.source" value="Reuters"/>
<dc element="dc.creator.location" value="NEWARK, N.J."/>
<dc element="dc.creator.location.country.name" value="USA"/>
<dc element="dc.source" value="Reuters"/>
</metadata>
</newsitem>
