<?xml version="1.0" encoding="iso-8859-1" ?>
<newsitem itemid="2513" id="root" date="1996-08-20" xml:lang="en">
<title>USA: Gateway goes retail with Destination PC/TV.</title>
<headline>Gateway goes retail with Destination PC/TV.</headline>
<dateline>NEW YORK 1996-08-20</dateline>
<text>
<p>Mail-order computer merchant Gateway 2000 Inc. said Tuesday it will sell its Destination personal computer, which combines the features of a home computer with those of a big-screen television, in stores.</p>
<p>Analysts believe the computer has not sold well through Gateway's traditional mail-order business. But they are watching it closely as a test of an emerging category of living room PC-TV that Sony Corp., International Business Machines Corp., Compaq Computer Corp. and others are thought to be gearing up to introduce.</p>
<p>Gateway's computer, with prices starting at $3,999, will be available at Nobody Beats The Wiz stores on the East Coast this week and CompUSA Inc. stores around the United States by mid-September, the company said.</p>
<p>The computer will be the only Gateway product sold through retail chains, the North Sioux City, Iowa-based company announced in New York.</p>
<p>The Pentium processor-based system offers video images superior to those of television, Gateway said.</p>
<p>Both computer and television functions are controlled through a wireless keyboard and a wireless remote control and mouse dubbed the Field Mouse.</p>
<p>The system is compatible with consumer electronics components such as videocassette recorders, stereo systems and laser disc players, and can accept video feeds from cable television systems, traditional antennas or other video devices. Audio signals from the Destination system can be piped through home stereo systems to offer &quot;surround sound.&quot;</p>
<p>Gateway stock rose 50 cents to $42.50 in afternoon trading on Nasdaq.</p>
</text>
<copyright>(c) Reuters Limited 1996</copyright>
<metadata>
<codes class="bip:countries:1.0">
  <code code="USA">
    <editdetail attribution="Reuters BIP Coding Group" action="confirmed" date="1996-08-20"/>
  </code>
</codes>
<codes class="bip:industries:1.0">
  <code code="I33020">
    <editdetail attribution="Reuters BIP Coding Group" action="confirmed" date="1996-08-20"/>
  </code>
  <code code="I3302003">
    <editdetail attribution="Reuters BIP Coding Group" action="confirmed" date="1996-08-20"/>
  </code>
  <code code="I34540">
    <editdetail attribution="Reuters BIP Coding Group" action="confirmed" date="1996-08-20"/>
  </code>
</codes>
<codes class="bip:topics:1.0">
  <code code="C22">
    <editdetail attribution="Reuters BIP Coding Group" action="confirmed" date="1996-08-20"/>
  </code>
  <code code="C31">
    <editdetail attribution="Reuters BIP Coding Group" action="confirmed" date="1996-08-20"/>
  </code>
  <code code="CCAT">
    <editdetail attribution="Reuters BIP Coding Group" action="confirmed" date="1996-08-20"/>
  </code>
</codes>
<dc element="dc.date.created" value="1996-08-20"/>
<dc element="dc.publisher" value="Reuters Holdings Plc"/>
<dc element="dc.date.published" value="1996-08-20"/>
<dc element="dc.source" value="Reuters"/>
<dc element="dc.creator.location" value="NEW YORK"/>
<dc element="dc.creator.location.country.name" value="USA"/>
<dc element="dc.source" value="Reuters"/>
</metadata>
</newsitem>
