<?xml version="1.0" encoding="iso-8859-1" ?>
<newsitem itemid="2516" id="root" date="1996-08-20" xml:lang="en">
<title>USA: Chrysler sets plans for $315 million Brazil plant.</title>
<headline>Chrysler sets plans for $315 million Brazil plant.</headline>
<dateline>AUBURN HILLS, Mich. 1996-08-20</dateline>
<text>
<p>Chrysler Corp. said Tuesday it plans to build a $315 million plant in Brazil and boost production at a plant being built in Argentina to expand its presence in South America.</p>
<p>The investment in Argentina will be $65 million, the nation's third-largest automaker said. The company has lagged behind rivals General Motors Corp. and Ford Motor Co. in expanding overseas.</p>
<p>The new Brazilian plant, which will be Chrysler's third in South America, will assemble the compact Dakota pickup truck for sale in Argentina, Brazil, Paraguay and Uruguay, the countries in the so-called Mercosur free-trade zone.</p>
<p>A site for the Brazilian plant will be selected by year-end and vehicles will roll of the assembly line starting in mid-1998, Chrysler said.</p>
<p>In Argentina, Chrysler will make the Jeep Cherokee at the plant under construction in Cordoba province starting in 1998, in addition to the Jeep Grand Cherokee starting next April.</p>
<p>&quot;Our decision to manufacture in Brazil and expand production in Argentina is based on the favourable economic conditions and future growth prospects we see in the Mercosur,&quot; Chrysler Chairman Robert Eaton said in a statement.</p>
<p>The investments announced Tueday bring to $735 million the total financial commitments Chrysler has made in South America, the company said.</p>
<p>&quot;With these new investments, we will substantially increase our sales in Mercosur,&quot; said Eaton. &quot;The ultimate beneficiaries will be car buyers in the region who will have a bigger selection of Chrysler products available to them at better prices.&quot;</p>
<p>Chrysler also said the Detroit Diesel Corp., an engine supplier, will establish a new plant in Brazil to make engines for Dakotas built in Brazil and the Jeep Cherokees assembled in Argentina.</p>
<p>Chrysler recently redesigned the Dakota and plans to start selling it in the United States soon.</p>
<p>Chrysler stock rose 50 cents to $29 in afternoon trading on the New York Stock Exchange.</p>
</text>
<copyright>(c) Reuters Limited 1996</copyright>
<metadata>
<codes class="bip:countries:1.0">
  <code code="ARG">
    <editdetail attribution="Reuters BIP Coding Group" action="confirmed" date="1996-08-20"/>
  </code>
  <code code="BRAZ">
    <editdetail attribution="Reuters BIP Coding Group" action="confirmed" date="1996-08-20"/>
  </code>
  <code code="USA">
    <editdetail attribution="Reuters BIP Coding Group" action="confirmed" date="1996-08-20"/>
  </code>
</codes>
<codes class="bip:industries:1.0">
  <code code="I32000">
    <editdetail attribution="Reuters BIP Coding Group" action="confirmed" date="1996-08-20"/>
  </code>
  <code code="I35101">
    <editdetail attribution="Reuters BIP Coding Group" action="confirmed" date="1996-08-20"/>
  </code>
</codes>
<codes class="bip:topics:1.0">
  <code code="C11">
    <editdetail attribution="Reuters BIP Coding Group" action="confirmed" date="1996-08-20"/>
  </code>
  <code code="C24">
    <editdetail attribution="Reuters BIP Coding Group" action="confirmed" date="1996-08-20"/>
  </code>
  <code code="CCAT">
    <editdetail attribution="Reuters BIP Coding Group" action="confirmed" date="1996-08-20"/>
  </code>
</codes>
<dc element="dc.date.created" value="1996-08-20"/>
<dc element="dc.publisher" value="Reuters Holdings Plc"/>
<dc element="dc.date.published" value="1996-08-20"/>
<dc element="dc.source" value="Reuters"/>
<dc element="dc.creator.location" value="AUBURN HILLS, Mich."/>
<dc element="dc.creator.location.country.name" value="USA"/>
<dc element="dc.source" value="Reuters"/>
</metadata>
</newsitem>
