<?xml version="1.0" encoding="iso-8859-1" ?>
<newsitem itemid="2523" id="root" date="1996-08-20" xml:lang="en">
<title>USA: SUNFLOWERSEED--US quality looks good, acreage down.</title>
<headline>SUNFLOWERSEED--US quality looks good, acreage down.</headline>
<byline>Greg Frost</byline>
<dateline>KANSAS CITY, Mo. 1996-08-20</dateline>
<text>
<p>Early indications point to a good-quality 1996 U.S. sunflowerseed crop, although total production may lag average levels because fewer acres were planted this spring, analysts said.</p>
<p>&quot;All in all, I'd say it looks like a very good, above-average crop -- at least at this stage,&quot; said Duane Berglund, extension agronomist at North Dakota State University in Fargo, N.D.</p>
</text>
<copyright>(c) Reuters Limited 1996</copyright>
<metadata>
<codes class="bip:countries:1.0">
  <code code="USA">
    <editdetail attribution="Reuters BIP Coding Group" action="confirmed" date="1996-08-20"/>
  </code>
</codes>
<dc element="dc.date.created" value="1996-08-20"/>
<dc element="dc.publisher" value="Reuters Holdings Plc"/>
<dc element="dc.date.published" value="1996-08-20"/>
<dc element="dc.source" value="Reuters"/>
<dc element="dc.creator.location" value="KANSAS CITY, Mo."/>
<dc element="dc.creator.location.country.name" value="USA"/>
<dc element="dc.source" value="Reuters"/>
</metadata>
</newsitem>
