<?xml version="1.0" encoding="iso-8859-1" ?>
<newsitem itemid="2527" id="root" date="1996-08-20" xml:lang="en">
<title>USA: AMEX to extend use of electronic book.</title>
<headline>AMEX to extend use of electronic book.</headline>
<dateline>CHICAGO 1996-08-20</dateline>
<text>
<p>The American Stock Exchange (AMEX) said on Tuesday it signed an agreement with OM Stockholm to extend the use of the AMEX Options Display Book (AODB) to its options specialists floorwide.</p>
<p>AODB is a fully-automated electronic book designed to replace paper books currently used by options specialists.</p>
<p>The agreement followed a five-month pilot phase during which more than 20 percent of AMEX equity options were transferred to AODB, the exchange said in a statement.  </p>
<p>The AMEX said it expected all current and future options and options-related products to be on the electronic book within 12 months.</p>
<p>--Chicago derivatives desk, (312) 408-8750</p>
<p>E-mail: derivatives@reuters.com</p>
</text>
<copyright>(c) Reuters Limited 1996</copyright>
<metadata>
<codes class="bip:countries:1.0">
  <code code="SWED">
    <editdetail attribution="Reuters BIP Coding Group" action="confirmed" date="1996-08-20"/>
  </code>
  <code code="USA">
    <editdetail attribution="Reuters BIP Coding Group" action="confirmed" date="1996-08-20"/>
  </code>
</codes>
<codes class="bip:industries:1.0">
  <code code="I83100">
    <editdetail attribution="Reuters BIP Coding Group" action="confirmed" date="1996-08-20"/>
  </code>
</codes>
<codes class="bip:topics:1.0">
  <code code="C24">
    <editdetail attribution="Reuters BIP Coding Group" action="confirmed" date="1996-08-20"/>
  </code>
  <code code="C33">
    <editdetail attribution="Reuters BIP Coding Group" action="confirmed" date="1996-08-20"/>
  </code>
  <code code="CCAT">
    <editdetail attribution="Reuters BIP Coding Group" action="confirmed" date="1996-08-20"/>
  </code>
  <code code="M11">
    <editdetail attribution="Reuters BIP Coding Group" action="confirmed" date="1996-08-20"/>
  </code>
  <code code="MCAT">
    <editdetail attribution="Reuters BIP Coding Group" action="confirmed" date="1996-08-20"/>
  </code>
</codes>
<dc element="dc.date.created" value="1996-08-20"/>
<dc element="dc.publisher" value="Reuters Holdings Plc"/>
<dc element="dc.date.published" value="1996-08-20"/>
<dc element="dc.source" value="Reuters"/>
<dc element="dc.creator.location" value="CHICAGO"/>
<dc element="dc.creator.location.country.name" value="USA"/>
<dc element="dc.source" value="Reuters"/>
</metadata>
</newsitem>
