<?xml version="1.0" encoding="iso-8859-1" ?>
<newsitem itemid="2529" id="root" date="1996-08-20" xml:lang="en">
<title>USA: Radica wins judgment in securities suit.</title>
<headline>Radica wins judgment in securities suit.</headline>
<dateline>RENO, Nev. 1996-08-20</dateline>
<text>
<p>Radica Games Ltd said Tuesday a federal judge has granted a summary judgment favoring the company and dismissed a 1994 class action securities lawsuit against the company.</p>
<p>The suit challenged the adequacy of disclosures in the company's May 13, 1994 prospectus. The judgment was issued by United States District Court Judge David Alan Ezra.</p>
<p>In his order granting the judgment, the judge wrote,  &quot;... the statements in the Prospectus were neither false nor misleading on their own or in light of the information then available to the market,&quot; according to Radica.</p>
</text>
<copyright>(c) Reuters Limited 1996</copyright>
<metadata>
<codes class="bip:countries:1.0">
  <code code="USA">
    <editdetail attribution="Reuters BIP Coding Group" action="confirmed" date="1996-08-20"/>
  </code>
</codes>
<codes class="bip:topics:1.0">
  <code code="C12">
    <editdetail attribution="Reuters BIP Coding Group" action="confirmed" date="1996-08-20"/>
  </code>
</codes>
<dc element="dc.date.created" value="1996-08-20"/>
<dc element="dc.publisher" value="Reuters Holdings Plc"/>
<dc element="dc.date.published" value="1996-08-20"/>
<dc element="dc.source" value="Reuters"/>
<dc element="dc.creator.location" value="RENO, Nev."/>
<dc element="dc.creator.location.country.name" value="USA"/>
<dc element="dc.source" value="Reuters"/>
</metadata>
</newsitem>
