<?xml version="1.0" encoding="iso-8859-1" ?>
<newsitem itemid="2533" id="root" date="1996-08-20" xml:lang="en">
<title>USA: U.S. June trade gap narrows sharply as imports drop.</title>
<headline>U.S. June trade gap narrows sharply as imports drop.</headline>
<dateline>WASHINGTON 1996-08-20</dateline>
<text>
<p>The U.S. trade gap narrowed dramatically in June as imports of merchandise and petroleum plunged from May levels, the Commerce Department said Tuesday.</p>
<p>The monthly deficit dropped 23.1 percent to $8.11 billion from a revised $10.55 billion in May -- much lower than the $9.4 billion shortfall that Wall Street economists had forecast for June.</p>
<p>June exports eased a slight 0.3 percent to $69.71 billion while imports dropped 3.3 percent to $77.82 billion.</p>
</text>
<copyright>(c) Reuters Limited 1996</copyright>
<metadata>
<codes class="bip:countries:1.0">
  <code code="USA">
    <editdetail attribution="Reuters BIP Coding Group" action="confirmed" date="1996-08-20"/>
  </code>
</codes>
<codes class="bip:topics:1.0">
  <code code="E512">
    <editdetail attribution="Reuters BIP Coding Group" action="confirmed" date="1996-08-20"/>
  </code>
</codes>
<dc element="dc.date.created" value="1996-08-20"/>
<dc element="dc.publisher" value="Reuters Holdings Plc"/>
<dc element="dc.date.published" value="1996-08-20"/>
<dc element="dc.source" value="Reuters"/>
<dc element="dc.creator.location" value="WASHINGTON"/>
<dc element="dc.creator.location.country.name" value="USA"/>
<dc element="dc.source" value="Reuters"/>
</metadata>
</newsitem>
