<?xml version="1.0" encoding="iso-8859-1" ?>
<newsitem itemid="2537" id="root" date="1996-08-20" xml:lang="en">
<title>USA: U.S. Justice Dept hacker reveals Internet flaws.</title>
<headline>U.S. Justice Dept hacker reveals Internet flaws.</headline>
<byline>Aaron Pressman</byline>
<dateline>WASHINGTON 1996-08-20</dateline>
<text>
<p>A break-in at the U.S. Justice Department's World Wide Web site last week highlighted the Internet's continued vulnerability to hackers.</p>
<p>Unidentified hackers gained access to the department's web page on August 16 and replaced it with a hate-filled diatribe labelled the &quot;Department of Injustice&quot; that included a swastika and a picture of Adolf Hitler.</p>
<p>Justice officials quickly pulled the plug on the vandalised page, but the security flaws that allowed hackers to gain entry likely exist in thousands of other corporate and government web sites, security experts said.</p>
<p>&quot;The vast majority of sites are vulnerable,&quot; said Richard Power, senior analyst at the Computer Security Institute. &quot;The Justice Department shouldn't be singled out.&quot;</p>
<p>Justice Department officials said the compromised web site was not connected to any computers containing sensitive files. The web site (http://www.usdoj.gov) included copies of press releases, speeches and other publicly available information.</p>
<p>The security breach &quot;is just like graffiti on the outside of the building,&quot; spokesman Bert Brandenburg said.</p>
<p>Other organisations have been targeted in the past. Last year, the Nation of Islam's Million Man March web site was vandalised. And hackers make 250,000 attempts annually to break into U.S. military computers, according to a General Accounting Office report.</p>
<p>Windows Magazine recently found security flaws at web sites of a dozen major corporations. &quot;The web is spectacularly insecure,&quot; editor Mike Elgan said. Relying on security holes that had been documented by software manufacturers months earlier, the magazine's specialists were able to gain various degrees of unauthorised access at the different sites.</p>
<p>Elgan said hackers who are exploiting some of the same flaws are motivated by anger over the growth and commercialization of the Internet. &quot;A common theme is that hackers are fed up with non-hackers on the Internet,&quot; he said.</p>
<p>The battle is not completely hopeless. &quot;You can secure a web site,&quot; Richard Power said. &quot;There's all kinds of measures you can take. Most corporations and institutions don't take them simply because nothing bad has happened to them yet.&quot;</p>
<p>Some sites are using multiple layers of security, well beyond simple password protection, to keep hackers out.</p>
<p>One site mentioned by Windows Magazine was Fidelity Investments. Fidelity's site advertises its mutual funds and disseminates information about personal finance but does not contain confidential customer information.</p>
<p>Fidelity officials immediately closed the loophole identified by the magazine, a spokeswoman said. But multiple security measures previously in place would have prevented a security breach despite the hole, the spokeswoman added.</p>
</text>
<copyright>(c) Reuters Limited 1996</copyright>
<metadata>
<codes class="bip:countries:1.0">
  <code code="USA">
    <editdetail attribution="Reuters BIP Coding Group" action="confirmed" date="1996-08-20"/>
  </code>
</codes>
<codes class="bip:industries:1.0">
  <code code="I33030">
    <editdetail attribution="Reuters BIP Coding Group" action="confirmed" date="1996-08-20"/>
  </code>
  <code code="I83940">
    <editdetail attribution="Reuters BIP Coding Group" action="confirmed" date="1996-08-20"/>
  </code>
</codes>
<codes class="bip:topics:1.0">
  <code code="C13">
    <editdetail attribution="Reuters BIP Coding Group" action="confirmed" date="1996-08-20"/>
  </code>
  <code code="CCAT">
    <editdetail attribution="Reuters BIP Coding Group" action="confirmed" date="1996-08-20"/>
  </code>
  <code code="GCAT">
    <editdetail attribution="Reuters BIP Coding Group" action="confirmed" date="1996-08-20"/>
  </code>
  <code code="GCRIM">
    <editdetail attribution="Reuters BIP Coding Group" action="confirmed" date="1996-08-20"/>
  </code>
</codes>
<dc element="dc.date.created" value="1996-08-20"/>
<dc element="dc.publisher" value="Reuters Holdings Plc"/>
<dc element="dc.date.published" value="1996-08-20"/>
<dc element="dc.source" value="Reuters"/>
<dc element="dc.creator.location" value="WASHINGTON"/>
<dc element="dc.creator.location.country.name" value="USA"/>
<dc element="dc.source" value="Reuters"/>
</metadata>
</newsitem>
