<?xml version="1.0" encoding="iso-8859-1" ?>
<newsitem itemid="2541" id="root" date="1996-08-20" xml:lang="en">
<title>USA: SmithKline, Cancer Society in tie-in - NYT.</title>
<headline>SmithKline, Cancer Society in tie-in - NYT.</headline>
<dateline>NEW YORK 1996-08-20</dateline>
<text>
<p>Britain's SmithKline Beecham Plc will pay $1 million a year to the American Cancer Society and put the society's name on SmithKline's Nicoderm smoking-cessation patches, The New York Times reported on Tuesday.</p>
<p>The move is the latest marketing marriage of a drug maker and a non-profit health care association.</p>
<p>With the deal, SmithKline stole a march on rival Johnson &amp; Johnson, which recently introduced its own non-prescription nicotine skin patch, Nicontrol, as well as an over-the-counter version of Nicorette chewing gum to help smokers quit.</p>
<p>Some professional health care associations have long provided seals of approval and product commendations, but the pressure for corporate tie-ins has mounted as traditional sources of money have diminished.</p>
<p>A spokesman for the American Cancer Society said it was discussing other partnerships with its skin care and nutritional products companies.</p>
<p>The cancer society was not endorsing any particular product but permission to use its name would be exclusive in a &quot;product category&quot; like the nicotine skin patches, the spokesman told the newspaper.</p>
<p>-- New York newsroom, (212) 859-1610</p>
</text>
<copyright>(c) Reuters Limited 1996</copyright>
<metadata>
<codes class="bip:countries:1.0">
  <code code="UK">
    <editdetail attribution="Reuters BIP Coding Group" action="confirmed" date="1996-08-20"/>
  </code>
  <code code="USA">
    <editdetail attribution="Reuters BIP Coding Group" action="confirmed" date="1996-08-20"/>
  </code>
</codes>
<codes class="bip:industries:1.0">
  <code code="I25000">
    <editdetail attribution="Reuters BIP Coding Group" action="confirmed" date="1996-08-20"/>
  </code>
  <code code="I25700">
    <editdetail attribution="Reuters BIP Coding Group" action="confirmed" date="1996-08-20"/>
  </code>
</codes>
<codes class="bip:topics:1.0">
  <code code="C31">
    <editdetail attribution="Reuters BIP Coding Group" action="confirmed" date="1996-08-20"/>
  </code>
  <code code="C33">
    <editdetail attribution="Reuters BIP Coding Group" action="confirmed" date="1996-08-20"/>
  </code>
  <code code="CCAT">
    <editdetail attribution="Reuters BIP Coding Group" action="confirmed" date="1996-08-20"/>
  </code>
</codes>
<dc element="dc.date.created" value="1996-08-20"/>
<dc element="dc.publisher" value="Reuters Holdings Plc"/>
<dc element="dc.date.published" value="1996-08-20"/>
<dc element="dc.source" value="Reuters"/>
<dc element="dc.creator.location" value="NEW YORK"/>
<dc element="dc.creator.location.country.name" value="USA"/>
<dc element="dc.source" value="Reuters"/>
</metadata>
</newsitem>
