<?xml version="1.0" encoding="iso-8859-1" ?>
<newsitem itemid="2545" id="root" date="1996-08-20" xml:lang="en">
<title>USA: INTERNATIONAL FUND MGR PICKS AAMULEHTI - PAPER.</title>
<headline>INTERNATIONAL FUND MGR PICKS AAMULEHTI - PAPER.</headline>
<dateline>NEW YORK 1996-08-18</dateline>
<text>
<p>Whitbread Plc is one tasty investment among a handful of overseas concerns that have drawn the attention of the manager of Artisan Partners international Mutual Fund, Barron's reported.</p>
<p>In its Monday edition, the financial weekly interviewed Mark Yockey, who identified favorite overseas investment candidates, including U.K.-based Corporate Services Group Plc , Sonae Investimentos-SGPS SA in Portugal, and Mexico's Empresas ICA Sociedad Controladora .</p>
<p>Yockey also picked Finland's Aamulehti Yhtyma Oy , Schibsted A/S , based in Norway, and China's Guangzhou Investment Co Ltd .</p>
</text>
<copyright>(c) Reuters Limited 1996</copyright>
<metadata>
<codes class="bip:countries:1.0">
  <code code="USA">
    <editdetail attribution="Reuters BIP Coding Group" action="confirmed" date="1996-08-20"/>
  </code>
</codes>
<codes class="bip:industries:1.0">
  <code code="I24200">
    <editdetail attribution="Reuters BIP Coding Group" action="confirmed" date="1996-08-20"/>
  </code>
  <code code="I42700">
    <editdetail attribution="Reuters BIP Coding Group" action="confirmed" date="1996-08-20"/>
  </code>
  <code code="I47510">
    <editdetail attribution="Reuters BIP Coding Group" action="confirmed" date="1996-08-20"/>
  </code>
  <code code="I50100">
    <editdetail attribution="Reuters BIP Coding Group" action="confirmed" date="1996-08-20"/>
  </code>
  <code code="I83954">
    <editdetail attribution="Reuters BIP Coding Group" action="confirmed" date="1996-08-20"/>
  </code>
  <code code="I83960">
    <editdetail attribution="Reuters BIP Coding Group" action="confirmed" date="1996-08-20"/>
  </code>
  <code code="I85000">
    <editdetail attribution="Reuters BIP Coding Group" action="confirmed" date="1996-08-20"/>
  </code>
</codes>
<codes class="bip:topics:1.0">
  <code code="C15">
    <editdetail attribution="Reuters BIP Coding Group" action="confirmed" date="1996-08-20"/>
  </code>
  <code code="C152">
    <editdetail attribution="Reuters BIP Coding Group" action="confirmed" date="1996-08-20"/>
  </code>
  <code code="CCAT">
    <editdetail attribution="Reuters BIP Coding Group" action="confirmed" date="1996-08-20"/>
  </code>
</codes>
<dc element="dc.date.created" value="1996-08-18"/>
<dc element="dc.publisher" value="Reuters Holdings Plc"/>
<dc element="dc.date.published" value="1996-08-20"/>
<dc element="dc.source" value="Reuters"/>
<dc element="dc.creator.location" value="NEW YORK"/>
<dc element="dc.creator.location.country.name" value="USA"/>
<dc element="dc.source" value="Reuters"/>
</metadata>
</newsitem>
