<?xml version="1.0" encoding="iso-8859-1" ?>
<newsitem itemid="2551" id="root" date="1996-08-20" xml:lang="en">
<title>BELGIUM: Europe Online logs off for good after talks fail.</title>
<headline>Europe Online logs off for good after talks fail.</headline>
<byline>Lorrayne Smith</byline>
<dateline>BRUSSELS, Belgium</dateline>
<text>
<p>Bankrupt online service Europe Online SA logged off for good on Tuesday after last-ditch talks with Deutsche Telekom AG and others to keep the Luxembourg-based operation running failed.</p>
<p>&quot;Europe Online has ceased to operate. No agreement was reached by a deadline this morning, so we had to close it down,&quot; Albert Wildgen, one of Europe Online's liquidators, told Reuters. He declined to give further details.</p>
<p>Subscribers attempting to connect to the service, which embattled Europe Online had managed to keep going up to the end, found a message saying it could not be accessed.</p>
<p>With about 25,000 subscribers altogether, multilingual Europe Online had national services in Germany, Britain and Luxembourg, as well as an international service in English, which included news, weather, travel, sports and entertainment.</p>
<p>The company suffered a major financial blow in July when its biggest single shareholder, German publisher Burda Holding GmbH, said it was pulling the plug on further funding. Other shareholders included AT&amp;T Corp.</p>
<p>Desperate attempts followed to find new investors or shareholders, including negotiations with rival U.S. online company CompuServe Inc. and Germany's telecommunications firm Deutsche Telekom.</p>
<p>No deal was reached, and the company was declared bankrupt Aug. 2.</p>
<p>A legal source close to the liquidation, who asked not to be identified, said Deutsche Telekom wants to go international and was looking at Europe Online as a way of achieving that, but decided late last week against salvaging it.</p>
<p>Similar talks continued with two other, unidentified parties, but these also failed, the source said.</p>
<p>&quot;Europe Online broke down at an early stage of its development -- it had brilliant ideas, but not enough substance (for Deutsche Telekom),&quot; he added. Deutsche Telekom's own successful T-Online service has over a million German customers.</p>
<p>Liquidators said all that was left now was to sell off the individual assets of the company. They said that at the time of its bankruptcy, Europe Online had debts of about $40 million, of which about $30 million was in the form of loans fromshareholders.</p>
<p>Besides AT&amp;T and Burda, other shareholders included Britain's Pearson Plc, and Luxembourg's Banque et Caisse d'Epargne de l'Etat (BCEE) and Societe Nationale de Credit et d'Investissement (SNCI).</p>
<p>Despite its potential for growth in a burgeoning Internet market, Europe Online was plagued by shareholder disagreements over strategy since its formation in 1994 as a European-language alternative to U.S. services.</p>
<p>Burda, which had at times provided as much as 50 percent of the venture's operating funds, had been pressing the company to change its management structure to streamline decision-making before it finally decided to stop further funding to concentrate on its own German Internet business.</p>
<p>Before Europe Online could launch in December 1995, French Lagardere Groupe's Matra-Hachette Multimedia withdrew. Axel-Springer Verlag of Germany cancelled a planned investment and Pearson lowered its stake.</p>
<p>The operation only started charging for its services in March. Europe Online had expected to be profitable within four years.</p>
</text>
<copyright>(c) Reuters Limited 1996</copyright>
<metadata>
<codes class="bip:countries:1.0">
  <code code="BELG">
    <editdetail attribution="Reuters BIP Coding Group" action="confirmed" date="1996-08-20"/>
  </code>
  <code code="GFR">
    <editdetail attribution="Reuters BIP Coding Group" action="confirmed" date="1996-08-20"/>
  </code>
  <code code="USA">
    <editdetail attribution="Reuters BIP Coding Group" action="confirmed" date="1996-08-20"/>
  </code>
</codes>
<codes class="bip:industries:1.0">
  <code code="I79020">
    <editdetail attribution="Reuters BIP Coding Group" action="confirmed" date="1996-08-20"/>
  </code>
  <code code="I83940">
    <editdetail attribution="Reuters BIP Coding Group" action="confirmed" date="1996-08-20"/>
  </code>
  <code code="I83954">
    <editdetail attribution="Reuters BIP Coding Group" action="confirmed" date="1996-08-20"/>
  </code>
</codes>
<codes class="bip:topics:1.0">
  <code code="C16">
    <editdetail attribution="Reuters BIP Coding Group" action="confirmed" date="1996-08-20"/>
  </code>
  <code code="C18">
    <editdetail attribution="Reuters BIP Coding Group" action="confirmed" date="1996-08-20"/>
  </code>
  <code code="C181">
    <editdetail attribution="Reuters BIP Coding Group" action="confirmed" date="1996-08-20"/>
  </code>
  <code code="CCAT">
    <editdetail attribution="Reuters BIP Coding Group" action="confirmed" date="1996-08-20"/>
  </code>
</codes>
<dc element="dc.publisher" value="Reuters Holdings Plc"/>
<dc element="dc.date.published" value="1996-08-20"/>
<dc element="dc.source" value="Reuters"/>
<dc element="dc.creator.location" value="BRUSSELS, Belgium"/>
<dc element="dc.creator.location.country.name" value="BELGIUM"/>
<dc element="dc.source" value="Reuters"/>
</metadata>
</newsitem>
