<?xml version="1.0" encoding="iso-8859-1" ?>
<newsitem itemid="2565" id="root" date="1996-08-20" xml:lang="en">
<title>GERMANY: Holzmann says aims for break-even in 1996.</title>
<headline>Holzmann says aims for break-even in 1996.</headline>
<dateline>FRANKFURT 1996-08-20</dateline>
<text>
<p>German construction group Philipp Holzmann AG said on Tuesday it aimed to achieve break-even point in 1996, saying that special earnings would offset an expected negative operating result.</p>
<p>The group said in a statement that it would dissolve some hidden reserves in order to compensate for a negative operating result, possible losses on property sales and write-offs associated with its restructuring of its portfolio.</p>
<p>It said its construction output fell by 4.6 percent in the first six months of 1996 to 5.9 billion marks ($4 billion). ($ = 1.489 German Marks)  </p>
<p>Holzmann says aims for break-even in =2</p>
<p>Holzmann ran into huge financial problems in 1995, posting an unexpected loss of 443 million marks which forced it to omit its dividend payout. At the root of its problems were 458 million marks of write-downs on its property portfolio.</p>
<p>Its shares fell sharply on that news, hurt additionally by the unexpected resignation of the company's finance director Michael Westphal on old age grounds.</p>
<p>The stock ended at 375 marks today, down from a year high of 685 notched up in February.</p>
<p>Today's forecasts for the full year represent a further worsening of its position. The company said in May it would make every effort to post a positive reult for 1996.</p>
<p>Holzmann said orders in hand rose to 15.6 billion marks at mid-year from 13.5 billion at the end of 1995. New business rose by 11 percent in the period, it said.</p>
</text>
<copyright>(c) Reuters Limited 1996</copyright>
<metadata>
<codes class="bip:countries:1.0">
  <code code="GFR">
    <editdetail attribution="Reuters BIP Coding Group" action="confirmed" date="1996-08-20"/>
  </code>
</codes>
<codes class="bip:industries:1.0">
  <code code="I50000">
    <editdetail attribution="Reuters BIP Coding Group" action="confirmed" date="1996-08-20"/>
  </code>
</codes>
<codes class="bip:topics:1.0">
  <code code="C15">
    <editdetail attribution="Reuters BIP Coding Group" action="confirmed" date="1996-08-20"/>
  </code>
  <code code="C152">
    <editdetail attribution="Reuters BIP Coding Group" action="confirmed" date="1996-08-20"/>
  </code>
  <code code="CCAT">
    <editdetail attribution="Reuters BIP Coding Group" action="confirmed" date="1996-08-20"/>
  </code>
</codes>
<dc element="dc.date.created" value="1996-08-20"/>
<dc element="dc.publisher" value="Reuters Holdings Plc"/>
<dc element="dc.date.published" value="1996-08-20"/>
<dc element="dc.source" value="Reuters"/>
<dc element="dc.creator.location" value="FRANKFURT"/>
<dc element="dc.creator.location.country.name" value="GERMANY"/>
<dc element="dc.source" value="Reuters"/>
</metadata>
</newsitem>
