<?xml version="1.0" encoding="iso-8859-1" ?>
<newsitem itemid="2567" id="root" date="1996-08-20" xml:lang="en">
<title>ITALY: Italy communists unlikely to floor Prodi - analysts.</title>
<headline>Italy communists unlikely to floor Prodi - analysts.</headline>
<byline>Andrew Hurst</byline>
<dateline>MILAN 1996-08-20</dateline>
<text>
<p>Italy's hard-left leader Fausto Bertinotti, who has said he is firmly opposed to the sale of state telecoms group Stet, is unlikely to bring down prime minister Romano Prodi over the issue, analysts said on Tuesday.</p>
<p>But Bertinotti, who appears determined to bring as much influence as possible to bear on Prodi, could severely weaken the thrust of the centre-left government's ambitious reform programme, they said.</p>
<p>The leader of the marxist-inspired Communist Refoundation party, has threatened to pull the rug from under Prodi's feet if the government presses ahead with the Stet privatisation. The threat sent ripples through financial markets on Monday.</p>
<p>The government says it wants to sell the company by the end of March of next year.</p>
<p>&quot;Bertinotti's strategy is to strongly influence the Prodi government,&quot; said Italian diplomat and commentator Sergio Romano. &quot;I don't think he wants to hold firm to the point that he would force the government's collapse.&quot;</p>
<p>Bertinotti has also served warning that he will make his influence felt when the government unveils its 1997 budget plans before parliament next month.</p>
<p>Prodi badly needs the support of Bertinotti's party, which holds the balance of power in the lower house of parliament with 35 deputies, although some opposition politicians may come to the government's rescue in favour of the Stet sell-off.</p>
<p>The communists warned on Tuesday that if Prodi seeks to out-manoeuvre them by enlisting opposition support for the Stet privatisation, the government's survival would be at stake.</p>
<p>&quot;It appears evident that the continuous offers of support for the government from the opposition regarding the Stet privatisation contain mortal dangers for the Prodi government,&quot; said Oliviero Diliberto, parliamentary leader of the communists.</p>
<p>&quot;Any change in the (government) majority could not fail to raise questions over the government itself. And Prodi knows this,&quot; said Diliberto in a statement.</p>
<p>Bertinotti is likely to do all in his power to hold up the Stet sale in the knowledge that he can count on support for his cause from other quarters, including the trade union rank-and-file and parts of the post-fascist National Alliance.</p>
<p>&quot;Bertinotti wants to reaffirm his power over the government,&quot; said Gianfranco Pasquino, a political scientist.</p>
<p>&quot;To bring the government down would require an explicit vote of no-confidence and that would be dangerous for Bertinotti because it would isolate him,&quot; he added.</p>
<p>Others have suggested that a botched Stet sale might also suit the interests of some elements of Italian big business which is said to want to be in a position to influence the privatisation process.</p>
<p>&quot;The truth is that he (Bertinotti) is not defending the workers,&quot; Guido Rossi, an influential company lawyer told Rome daily La Repubblica.</p>
<p>&quot;He is playing to the interests of that part of private capitalism which wants to have as a partner a rickety state to do business with,&quot; said Rossi, a former chairman of Consob, the stock exchange regulatory council.</p>
<p>Critics of the Stet sale have said they fear that Mediobanca, a secretive Milan merchant bank which is the prime mover and shaker in the Italian corporate world, would try to wield disproportionate influence in a privatised Stet.</p>
<p>Bertinotti is unlikely to back down over Stet unless he is given assurances that the government will retain strong influence over a privatised group by wielding a &quot;golden&quot; share.</p>
<p>&quot;He wants the golden share to be very golden,&quot; said Pasquino. Bertinotti is also likely to insist that a Stet under private ownership should not be allowed to lay off workers for a number of years.</p>
</text>
<copyright>(c) Reuters Limited 1996</copyright>
<metadata>
<codes class="bip:countries:1.0">
  <code code="ITALY">
    <editdetail attribution="Reuters BIP Coding Group" action="confirmed" date="1996-08-20"/>
  </code>
</codes>
<codes class="bip:industries:1.0">
  <code code="I79020">
    <editdetail attribution="Reuters BIP Coding Group" action="confirmed" date="1996-08-20"/>
  </code>
</codes>
<codes class="bip:topics:1.0">
  <code code="C18">
    <editdetail attribution="Reuters BIP Coding Group" action="confirmed" date="1996-08-20"/>
  </code>
  <code code="C183">
    <editdetail attribution="Reuters BIP Coding Group" action="confirmed" date="1996-08-20"/>
  </code>
  <code code="CCAT">
    <editdetail attribution="Reuters BIP Coding Group" action="confirmed" date="1996-08-20"/>
  </code>
  <code code="GCAT">
    <editdetail attribution="Reuters BIP Coding Group" action="confirmed" date="1996-08-20"/>
  </code>
  <code code="GPOL">
    <editdetail attribution="Reuters BIP Coding Group" action="confirmed" date="1996-08-20"/>
  </code>
</codes>
<dc element="dc.date.created" value="1996-08-20"/>
<dc element="dc.publisher" value="Reuters Holdings Plc"/>
<dc element="dc.date.published" value="1996-08-20"/>
<dc element="dc.source" value="Reuters"/>
<dc element="dc.creator.location" value="MILAN"/>
<dc element="dc.creator.location.country.name" value="ITALY"/>
<dc element="dc.source" value="Reuters"/>
</metadata>
</newsitem>
