<?xml version="1.0" encoding="iso-8859-1" ?>
<newsitem itemid="2572" id="root" date="1996-08-20" xml:lang="en">
<title>NETHERLANDS: Dutch shares close up, tone to continue positive.</title>
<headline>Dutch shares close up, tone to continue positive.</headline>
<dateline>AMSTERDAM 1996-08-20</dateline>
<text>
<p>Dutch shares closed near the day's highs on Tuesday as the market gleaned confidence from German M3 data and expectations of positive corporate news.</p>
<p>The AEX index closed up 4.87 points at 565.72, just off the day's high of 565.89.</p>
<p>Dealers said the index may push to its all-time high around 572 points towards the end of the week, where it would likely meet solid resistance and some profit taking.</p>
<p>But cash piles and evidence of investors buying on dips indicate the downside potential may be limited, dealers said.</p>
<p>Dealers said the slowdown in German July M3 money supply growth to 8.6 percent was positive for the market, keeping expectations of a repo rate cut alive.</p>
<p>Analysts said Buba may trim the repo by up to 10 basis points on Thursday, but that the market impact may not be great.</p>
<p>The market was firmly focused on the outcome of the U.S. FOMC meeting, due around 1815 GMT, although analysts were united in expecting no rate change.</p>
<p>The major corporate news was confined to first half results at Pakhoed and Van Ommeren.</p>
<p>Pakhoed shares steamed five percent higher after an initial fall as investors digested an unexpectedly low 4.6 million guilder first half net.</p>
<p>The firm also announced a 54.3 million guilder extraordinary charge. The stock closed up 1.70 guilders at 46.30, off the day's high of 47.00 guilders.</p>
<p>Van Ommeren closed up 0.40 guilders at 65.50 after reporting H1 net of 44.7 million guilders, in line with expectations.</p>
<p>Nutricia shares powered to a new year high of 196 guilders during the day before dropping back to close up 2.40 guilders at 194.40. The company is to report first half results on Thursday.</p>
<p>&quot;The figures will have to be extremely good to justify these prices,&quot; one dealer said, adding there may be some profit taking on the results.</p>
<p>Royal Dutch shares rose 2.40 guilders to 257.50 after a number of brokers reiterated buy recommendations on Shell Transport stock.</p>
<p>Nedlloyd was due to report on Wednesday with analysts expecting shipping operations to keep the group in the red. The stock closed up 0.50 guilders at 35.00.</p>
</text>
<copyright>(c) Reuters Limited 1996</copyright>
<metadata>
<codes class="bip:countries:1.0">
  <code code="NETH">
    <editdetail attribution="Reuters BIP Coding Group" action="confirmed" date="1996-08-20"/>
  </code>
</codes>
<codes class="bip:topics:1.0">
  <code code="M11">
    <editdetail attribution="Reuters BIP Coding Group" action="confirmed" date="1996-08-20"/>
  </code>
  <code code="MCAT">
    <editdetail attribution="Reuters BIP Coding Group" action="confirmed" date="1996-08-20"/>
  </code>
</codes>
<dc element="dc.date.created" value="1996-08-20"/>
<dc element="dc.publisher" value="Reuters Holdings Plc"/>
<dc element="dc.date.published" value="1996-08-20"/>
<dc element="dc.source" value="Reuters"/>
<dc element="dc.creator.location" value="AMSTERDAM"/>
<dc element="dc.creator.location.country.name" value="NETHERLANDS"/>
<dc element="dc.source" value="Reuters"/>
</metadata>
</newsitem>
