<?xml version="1.0" encoding="iso-8859-1" ?>
<newsitem itemid="2577" id="root" date="1996-08-20" xml:lang="en">
<title>SWEDEN: Trelleborg profits fall in first half.</title>
<headline>Trelleborg profits fall in first half.</headline>
<dateline>STOCKHOLM, Sweden</dateline>
<text>
<p>Swedish mining, metals and engineering group Trelleborg said Tuesday its earnings dropped sharply in the first half of the year as metals prices fell and the Swedish crown strengthened against other currencies.</p>
<p>The group's net profits fell to  657 million crowns ($99 million) in the first half of 1996, a sharp drop from the 954 million crowns ($144 million) reported for the same 1995 period.</p>
<p>Operating income for the period dipped to 10.62 billion crowns ($1.6 billion) from 11.10 billion ($1.67 billion).</p>
<p>&quot;The weaker economy, particularly on European markets, has led to weaker prices and lower volumes,&quot; Trelleborg said.</p>
<p>The mining and metals unit reported virtually unchanged sales for the period at 4.28 billion crowns ($647.4 million), but operating profits dipped to 296 million crowns ($44 million) from 317 million ($47 million), a drop the company said was due to the weaker economy.</p>
<p>However, it noted tht hedging had rendered the business virtually immune to disadvantageous moves in currencies and metals prices over the period.</p>
<p>The operating profit of Trelleborg's distribution division, the second -argest in the group, was more than halved to 141 million crowns ($21 million).</p>
</text>
<copyright>(c) Reuters Limited 1996</copyright>
<metadata>
<codes class="bip:countries:1.0">
  <code code="SWED">
    <editdetail attribution="Reuters BIP Coding Group" action="confirmed" date="1996-08-20"/>
  </code>
</codes>
<codes class="bip:industries:1.0">
  <code code="I21000">
    <editdetail attribution="Reuters BIP Coding Group" action="confirmed" date="1996-08-20"/>
  </code>
</codes>
<codes class="bip:topics:1.0">
  <code code="C15">
    <editdetail attribution="Reuters BIP Coding Group" action="confirmed" date="1996-08-20"/>
  </code>
  <code code="C151">
    <editdetail attribution="Reuters BIP Coding Group" action="confirmed" date="1996-08-20"/>
  </code>
  <code code="CCAT">
    <editdetail attribution="Reuters BIP Coding Group" action="confirmed" date="1996-08-20"/>
  </code>
</codes>
<dc element="dc.publisher" value="Reuters Holdings Plc"/>
<dc element="dc.date.published" value="1996-08-20"/>
<dc element="dc.source" value="Reuters"/>
<dc element="dc.creator.location" value="STOCKHOLM, Sweden"/>
<dc element="dc.creator.location.country.name" value="SWEDEN"/>
<dc element="dc.source" value="Reuters"/>
</metadata>
</newsitem>
