<?xml version="1.0" encoding="iso-8859-1" ?>
<newsitem itemid="2604" id="root" date="1996-08-20" xml:lang="en">
<title>GERMANY: O&amp;K to cut several hundred jobs by end-1997.</title>
<headline>O&amp;K to cut several hundred jobs by end-1997.</headline>
<dateline>DORTMUND, Germany 1996-08-20</dateline>
<text>
<p>German construction machinery maker Orenstein &amp; Koppel AG said on Tuesday it would cut hundreds of jobs fromm its workforce of 3,576 by the end of next year.</p>
<p>Earlier the company said it made an operating loss in the first six months of the year. But because of the sale of its lift division, O&amp;K reported a pre-tax profit for the period of 85 million marks, up from two million marks the year before.</p>
<p>O&amp;K is a subsidiary of Fried. Krupp AG Hoesch-Krupp .</p>
<p>A spokesman for O&amp;K said the company would carry out a drastic restructuring programme as a result of the slump in the construction machinery sector. He said it was too soon to know how many jobs would be cut.</p>
<p>Forecasts for the sector indicated there would be no improvement in the foreseeable future.</p>
</text>
<copyright>(c) Reuters Limited 1996</copyright>
<metadata>
<codes class="bip:countries:1.0">
  <code code="GFR">
    <editdetail attribution="Reuters BIP Coding Group" action="confirmed" date="1996-08-20"/>
  </code>
</codes>
<codes class="bip:industries:1.0">
  <code code="I32550">
    <editdetail attribution="Reuters BIP Coding Group" action="confirmed" date="1996-08-20"/>
  </code>
  <code code="I83960">
    <editdetail attribution="Reuters BIP Coding Group" action="confirmed" date="1996-08-20"/>
  </code>
</codes>
<codes class="bip:topics:1.0">
  <code code="C42">
    <editdetail attribution="Reuters BIP Coding Group" action="confirmed" date="1996-08-20"/>
  </code>
  <code code="CCAT">
    <editdetail attribution="Reuters BIP Coding Group" action="confirmed" date="1996-08-20"/>
  </code>
  <code code="E41">
    <editdetail attribution="Reuters BIP Coding Group" action="confirmed" date="1996-08-20"/>
  </code>
  <code code="ECAT">
    <editdetail attribution="Reuters BIP Coding Group" action="confirmed" date="1996-08-20"/>
  </code>
  <code code="GCAT">
    <editdetail attribution="Reuters BIP Coding Group" action="confirmed" date="1996-08-20"/>
  </code>
  <code code="GJOB">
    <editdetail attribution="Reuters BIP Coding Group" action="confirmed" date="1996-08-20"/>
  </code>
</codes>
<dc element="dc.date.created" value="1996-08-20"/>
<dc element="dc.publisher" value="Reuters Holdings Plc"/>
<dc element="dc.date.published" value="1996-08-20"/>
<dc element="dc.source" value="Reuters"/>
<dc element="dc.creator.location" value="DORTMUND, Germany"/>
<dc element="dc.creator.location.country.name" value="GERMANY"/>
<dc element="dc.source" value="Reuters"/>
</metadata>
</newsitem>
