<?xml version="1.0" encoding="iso-8859-1" ?>
<newsitem itemid="2609" id="root" date="1996-08-20" xml:lang="en">
<title>FRANCE: Michelin rises on J.D. Power poll.</title>
<headline>Michelin rises on J.D. Power poll.</headline>
<dateline>PARIS 1996-08-20</dateline>
<text>
<p>Shares in French tyre firm Michelin gained nearly two percent on the Bourse on Tuesday after the influential U.S. J.D. Power market research firm said Michelin and Pirelli had the best client satisfaction ratings.</p>
<p>J.D. Power &amp; Associates polled 15,347 Americans with a car or pick-up truck bought in 1995.</p>
<p>Dealers said the positive news was boosting the share in a thin market.</p>
<p>&quot;The market does not have a lot to chew on. But it is good to see that Michelin's policy of basing its development on technological advances is well received,&quot; an analyst said.</p>
</text>
<copyright>(c) Reuters Limited 1996</copyright>
<metadata>
<codes class="bip:countries:1.0">
  <code code="FRA">
    <editdetail attribution="Reuters BIP Coding Group" action="confirmed" date="1996-08-20"/>
  </code>
  <code code="USA">
    <editdetail attribution="Reuters BIP Coding Group" action="confirmed" date="1996-08-20"/>
  </code>
</codes>
<codes class="bip:industries:1.0">
  <code code="I48100">
    <editdetail attribution="Reuters BIP Coding Group" action="confirmed" date="1996-08-20"/>
  </code>
  <code code="I48110">
    <editdetail attribution="Reuters BIP Coding Group" action="confirmed" date="1996-08-20"/>
  </code>
</codes>
<codes class="bip:topics:1.0">
  <code code="C15">
    <editdetail attribution="Reuters BIP Coding Group" action="confirmed" date="1996-08-20"/>
  </code>
  <code code="C152">
    <editdetail attribution="Reuters BIP Coding Group" action="confirmed" date="1996-08-20"/>
  </code>
  <code code="CCAT">
    <editdetail attribution="Reuters BIP Coding Group" action="confirmed" date="1996-08-20"/>
  </code>
</codes>
<dc element="dc.date.created" value="1996-08-20"/>
<dc element="dc.publisher" value="Reuters Holdings Plc"/>
<dc element="dc.date.published" value="1996-08-20"/>
<dc element="dc.source" value="Reuters"/>
<dc element="dc.creator.location" value="PARIS"/>
<dc element="dc.creator.location.country.name" value="FRANCE"/>
<dc element="dc.source" value="Reuters"/>
</metadata>
</newsitem>
