<?xml version="1.0" encoding="iso-8859-1" ?>
<newsitem itemid="2614" id="root" date="1996-08-20" xml:lang="en">
<title>FINLAND: Raisio targets FIM 300 mln Poland sales.</title>
<headline>Raisio targets FIM 300 mln Poland sales.</headline>
<dateline>HELSINKI 1996-08-20</dateline>
<text>
<p>Finnish food and chemicals group Raision Tehtaat Oy said in a statement on Tuesday its net sales target in Poland this year was 300 million markka.</p>
<p>It said Raisio's Polish subsidiary had reached a 12 percent share of the Polish margarine market.  </p>
<p>&quot;The (Polish) company's managing director Seppo Heinio says that this year's objective is a turnover of FIM 300 million,&quot; Raisio said.</p>
<p>&quot;Raisio has achieved a 12 percent share of the fast-growing Polish margarine market within the space of a few years,&quot; it said. It said the market was growing about five percent a year.</p>
<p>Raisio said its Polish subsidiary  Raisio Polska Foods had 190 employees of which 120 work in production.</p>
<p>It said the C.Olsen Foods margarine factory bought at the end of last year was &quot;modern and in very good condition&quot;.</p>
</text>
<copyright>(c) Reuters Limited 1996</copyright>
<metadata>
<codes class="bip:countries:1.0">
  <code code="FIN">
    <editdetail attribution="Reuters BIP Coding Group" action="confirmed" date="1996-08-20"/>
  </code>
  <code code="POL">
    <editdetail attribution="Reuters BIP Coding Group" action="confirmed" date="1996-08-20"/>
  </code>
</codes>
<codes class="bip:industries:1.0">
  <code code="I41000">
    <editdetail attribution="Reuters BIP Coding Group" action="confirmed" date="1996-08-20"/>
  </code>
</codes>
<codes class="bip:topics:1.0">
  <code code="C31">
    <editdetail attribution="Reuters BIP Coding Group" action="confirmed" date="1996-08-20"/>
  </code>
  <code code="C312">
    <editdetail attribution="Reuters BIP Coding Group" action="confirmed" date="1996-08-20"/>
  </code>
  <code code="C313">
    <editdetail attribution="Reuters BIP Coding Group" action="confirmed" date="1996-08-20"/>
  </code>
  <code code="CCAT">
    <editdetail attribution="Reuters BIP Coding Group" action="confirmed" date="1996-08-20"/>
  </code>
</codes>
<dc element="dc.date.created" value="1996-08-20"/>
<dc element="dc.publisher" value="Reuters Holdings Plc"/>
<dc element="dc.date.published" value="1996-08-20"/>
<dc element="dc.source" value="Reuters"/>
<dc element="dc.creator.location" value="HELSINKI"/>
<dc element="dc.creator.location.country.name" value="FINLAND"/>
<dc element="dc.source" value="Reuters"/>
</metadata>
</newsitem>
