<?xml version="1.0" encoding="iso-8859-1" ?>
<newsitem itemid="2620" id="root" date="1996-08-20" xml:lang="en">
<title>SWEDEN: Swedish think-tank sees upturn in industry cycle.</title>
<headline>Swedish think-tank sees upturn in industry cycle.</headline>
<dateline>STOCKHOLM 1996-08-20</dateline>
<text>
<p>Sweden's National Economic Research Institute (KI) said on Tuesday the country's industrial economy had bottomed out of its decline and a recovery was on the horizon.</p>
</text>
<copyright>(c) Reuters Limited 1996</copyright>
<metadata>
<codes class="bip:countries:1.0">
  <code code="SWED">
    <editdetail attribution="Reuters BIP Coding Group" action="confirmed" date="1996-08-20"/>
  </code>
</codes>
<dc element="dc.date.created" value="1996-08-20"/>
<dc element="dc.publisher" value="Reuters Holdings Plc"/>
<dc element="dc.date.published" value="1996-08-20"/>
<dc element="dc.source" value="Reuters"/>
<dc element="dc.creator.location" value="STOCKHOLM"/>
<dc element="dc.creator.location.country.name" value="SWEDEN"/>
<dc element="dc.source" value="Reuters"/>
</metadata>
</newsitem>
