<?xml version="1.0" encoding="iso-8859-1" ?>
<newsitem itemid="2622" id="root" date="1996-08-20" xml:lang="en">
<title>SWITZERLAND: Swiss BAK revises down '96 GDP forecast to 0.4 pct.</title>
<headline>Swiss BAK revises down '96 GDP forecast to 0.4 pct.</headline>
<dateline>BASLE, Switzerland 1996-08-20</dateline>
<text>
<p>BAK, one of Switzerland's leading economic research institutes, said it had lowered its 1996 growth forecast for Switzerland due to continued weak consumption, the half-hearted depreciation of the Swiss franc and the lack of stimulus from key trading partners.</p>
<p>BAK said in a statement that it had revised downward its forecast for Switzerland's 1996 Gross Domestic Product (GDP) to a growth of 0.4 percent from a previous forecast of 0.9 percent.</p>
<p>&quot;All in all we assume that Switzerland must face another year of recession,&quot; BAK said.</p>
<p>BAK said it had revised down its forecast for private consumption this year by 0.3 percentage points to 0.4 percent from its previous forecast from March.</p>
<p>But BAK said it expects the 1997 GDP to grow 1.5 percent as inflation, low interest rates and a weakening Swiss franc point to economic recovery. Foreign trade should also help growth.</p>
<p>BAK provided following detailed forecast. Annual growth rates in percent:</p>
</text>
<copyright>(c) Reuters Limited 1996</copyright>
<metadata>
<codes class="bip:countries:1.0">
  <code code="SWITZ">
    <editdetail attribution="Reuters BIP Coding Group" action="confirmed" date="1996-08-20"/>
  </code>
</codes>
<codes class="bip:topics:1.0">
  <code code="E11">
    <editdetail attribution="Reuters BIP Coding Group" action="confirmed" date="1996-08-20"/>
  </code>
</codes>
<dc element="dc.date.created" value="1996-08-20"/>
<dc element="dc.publisher" value="Reuters Holdings Plc"/>
<dc element="dc.date.published" value="1996-08-20"/>
<dc element="dc.source" value="Reuters"/>
<dc element="dc.creator.location" value="BASLE, Switzerland"/>
<dc element="dc.creator.location.country.name" value="SWITZERLAND"/>
<dc element="dc.source" value="Reuters"/>
</metadata>
</newsitem>
