<?xml version="1.0" encoding="iso-8859-1" ?>
<newsitem itemid="2634" id="root" date="1996-08-20" xml:lang="en">
<title>UK: NIB SETS 55 MLN ECU 8-YEAR STEP-UP BOND.</title>
<headline>NIB SETS 55 MLN ECU 8-YEAR STEP-UP BOND.</headline>
<dateline>LONDON 1996-08-20</dateline>
<text>
<p>The following bond was announced</p>
<p>by lead manager Kredietbank.</p>
<p> BORROWER   DE NATIONALE INVESTERINGSBANK			     </p>
<p> AMT    55 MLN ECU    COUPON     **	  MATURITY    27.SEP.04</p>
<p> TYPE	 STRAIGHT  ISS PRICE  101.85    PAY DATE    27.SEP.96</p>
<p> FULL FEES  2.00	REOFFER    =	   SPREAD	=	  </p>
<p> NOTES   ** 5.625 YEARS 1-4, 8.0 PCT THEREAFTER		     </p>
<p> MOODY	AA3	 LISTING    LUX	 PAY FREQ    =</p>
<p> S&amp;P	  AA+	 DENOMS (K) 1-5	 SALE LIMITS =</p>
<p> NEG PLG    YES	 CRS DEFLT  YES	 FORCE MAJ   YES	</p>
<p> GOV LAW    ENGLISH   HOME CTRY  =	   TAX PROVS   =	  </p>
<p> MGT/UND    0.625     SELL CONC  1.375     PRAECIP     =	  </p>
<p> NOTES	ISSUED OFF EMTN PROGRAMME</p>
<p>-- London Newsroom +44 171 542 7658</p>
</text>
<copyright>(c) Reuters Limited 1996</copyright>
<metadata>
<codes class="bip:countries:1.0">
  <code code="NETH">
    <editdetail attribution="Reuters BIP Coding Group" action="confirmed" date="1996-08-20"/>
  </code>
  <code code="UK">
    <editdetail attribution="Reuters BIP Coding Group" action="confirmed" date="1996-08-20"/>
  </code>
</codes>
<codes class="bip:industries:1.0">
  <code code="I81502">
    <editdetail attribution="Reuters BIP Coding Group" action="confirmed" date="1996-08-20"/>
  </code>
  <code code="I8150203">
    <editdetail attribution="Reuters BIP Coding Group" action="confirmed" date="1996-08-20"/>
  </code>
</codes>
<codes class="bip:topics:1.0">
  <code code="C17">
    <editdetail attribution="Reuters BIP Coding Group" action="confirmed" date="1996-08-20"/>
  </code>
  <code code="C172">
    <editdetail attribution="Reuters BIP Coding Group" action="confirmed" date="1996-08-20"/>
  </code>
  <code code="CCAT">
    <editdetail attribution="Reuters BIP Coding Group" action="confirmed" date="1996-08-20"/>
  </code>
</codes>
<dc element="dc.date.created" value="1996-08-20"/>
<dc element="dc.publisher" value="Reuters Holdings Plc"/>
<dc element="dc.date.published" value="1996-08-20"/>
<dc element="dc.source" value="Reuters"/>
<dc element="dc.creator.location" value="LONDON"/>
<dc element="dc.creator.location.country.name" value="UK"/>
<dc element="dc.source" value="Reuters"/>
</metadata>
</newsitem>
