<?xml version="1.0" encoding="iso-8859-1" ?>
<newsitem itemid="2638" id="root" date="1996-08-20" xml:lang="en">
<title>UK: HORSE RACING - HALLING BLAZES INTO TURF HISTORY BOOKS.</title>
<headline>HORSE RACING - HALLING BLAZES INTO TURF HISTORY BOOKS.</headline>
<dateline>YORK, England 1996-08-20</dateline>
<text>
<p>Halling, the 6-4 favourite, blazed his way into the turf history books on Tuesday, winning the group one Juddmonte International for the second year in succession.</p>
<p>Halling became the first horse to win both the International and Sandown's prestigious Eclipse Stakes twice.</p>
<p>Ridden by champion jockey Frankie Dettori, Halling led all the way in the 10 furlong (2-km) test and stormed home three lengths clear from Royal Ascot and Goodwood winner First Island (3-1), the mount of Michael Hills.</p>
<p>Bijou d'Inde (4-1), ridden by Jason Weaver, stayed on well to finish third of the six runners a further one and a half lengths away.</p>
<p>Halling belongs to Sheikh Mohammed's Godolphin operation and is trained by Saeed Bin Suroor. Tuesday's victory was his 12th from his last 14 races.  </p>
<p>Billed as the race of the year so far, the huge crowd were not disappointed as Dettori steered Halling home. Twenty years ago Dettori's father Gianfranco captured the race on Wollow.</p>
<p>&quot;It's great to emulate my father. Halling has got everything -- pace and stamina,&quot; Dettori enthused.</p>
<p>&quot;When I asked him to quicken he changed his legs and took off. I took one look round but by then the others were finished.&quot;</p>
<p>Halling is a five-year-old and this is probably his last season, said Godolphin's racing manager Simon Crisford.</p>
<p>&quot;He will probably have one more run in either the (Newmarket) Champion Stakes, the Prix de l'Arc de Triomhpe or Breeders' Cup Turf.&quot;</p>
</text>
<copyright>(c) Reuters Limited 1996</copyright>
<metadata>
<codes class="bip:countries:1.0">
  <code code="UK">
    <editdetail attribution="Reuters BIP Coding Group" action="confirmed" date="1996-08-20"/>
  </code>
</codes>
<codes class="bip:topics:1.0">
  <code code="GCAT">
    <editdetail attribution="Reuters BIP Coding Group" action="confirmed" date="1996-08-20"/>
  </code>
  <code code="GSPO">
    <editdetail attribution="Reuters BIP Coding Group" action="confirmed" date="1996-08-20"/>
  </code>
</codes>
<dc element="dc.date.created" value="1996-08-20"/>
<dc element="dc.publisher" value="Reuters Holdings Plc"/>
<dc element="dc.date.published" value="1996-08-20"/>
<dc element="dc.source" value="Reuters"/>
<dc element="dc.creator.location" value="YORK, England"/>
<dc element="dc.creator.location.country.name" value="UK"/>
<dc element="dc.source" value="Reuters"/>
</metadata>
</newsitem>
