<?xml version="1.0" encoding="iso-8859-1" ?>
<newsitem itemid="2644" id="root" date="1996-08-20" xml:lang="en">
<title>UK: SOCCER-UEFA CUP QUALIFYING ROUND, SECOND LEG COLLATED RESULTS.</title>
<headline>SOCCER-UEFA CUP QUALIFYING ROUND, SECOND LEG COLLATED RESULTS.</headline>
<dateline>LONDON 1996-08-20</dateline>
<text>
<p>Collated results of UEFA Cup soccer qualifying round, second leg matches on Tuesday:</p>
<p>In Bucharest: National Bucharest (Romania) 1 Partizan Belgrade (Yugoslavia) 0 (halftime 1-0)</p>
<p>Scorer: Remus Ganea (6th minute)</p>
<p>Attendance: 8,000</p>
<p>National Bucharest won 1-0 on aggregate.</p>
<p>In Murska Sobota, Slovenia: Mura (Slovenia) 0  Lyngby (Denmark) 2 (0-1)</p>
<p>Scorer: Tody Jonsson (24th, 69th)</p>
<p>Attendance: 5.000</p>
<p>Lyngby won 2-0 on aggregate.</p>
<p>In Odessa, Ukraine: Chornomorets Odessa (Ukraine) 2 HJK Helsinki (Finland) 0 (0-0)</p>
<p>Scorers: Chornomorets - Igor Chumachenko (64th), Andrei Mizin (68th)</p>
<p>Attendance: 3,500</p>
<p>Chornomorets won 4-2 on aggregate.</p>
<p>In Krakow: Hutnik Krakow (Poland) 3 Sigma Olomunec (Czech Republic) 1 (2-1)</p>
<p>Scorers:</p>
<p>Hutnik - Moussa Yahaya (29th), Michal Stolarz (39th), Dariusz Romuzga (71st)</p>
<p>Sigma - Michal Kovar (6th)</p>
<p>Attendance: 5,000</p>
<p>Hutnik Krakow won 3-2 on aggregate</p>
<p>In Moscow: CSKA Moscow (Russia) 4 Akranes (Iceland) 1  (2-0)</p>
<p>Scorers: </p>
<p>CSKA - Andrei Movsesyan (35th, 40th), Ferrera Leonidas (53rd), Edgaras Yankauskas (62nd)</p>
<p>Akranes - Hognasson (80th)</p>
<p>Attendance: 2,500</p>
<p>CSKA Moscow won 6-1 on aggregate</p>
<p>In Moscow: Torpedo Moscow (Russia) 2 Hajduk Split (Croatia) 0  (1-0)</p>
<p>Scorers: Kamoltsev (19th) Vostrosablin (penalty, 82nd)</p>
<p>Attendance: 6,800</p>
<p>Torpedo Moscow won 2-1 on aggregate</p>
<p>In Moscow:</p>
<p>Spartak Moscow (Russia) 2 Zagreb (Croatia) 0  (1-0)</p>
<p>Scorers: Melyoshin (28th minute), Dmitri Alenichev (56th)</p>
<p>Attendance: 25,000</p>
<p>Aggregate score 3-3. Spartak qualified on away goals rule.</p>
<p>In Trabzon, Turkey: Trabzonspor (Turkey) 4 Slovan Bratislava (Slovakia) 1 (2-0)</p>
<p>Scorers: </p>
<p>Hami Mandirali (1st), Shota Arveladze (11th), Orhan Cikrikci (67th), Abdullah Ercan (71st)</p>
<p>Bratislava - Szilard Nemeth (57th)</p>
<p>Attendance: 35,000</p>
<p>Trabzonspor qualified 5-3 on aggregate.</p>
<p>In Tallinn:</p>
<p>Lantana (Estonia) 2 Aarau (Switzerland) 0 (0-0)</p>
<p>Scorers - Juri Lebrecht (80th), Urmas Hepner (85th)</p>
<p>Attendance: 500</p>
<p>Aarau won 4-2 on aggregate</p>
<p>In Sofia:</p>
<p>Lokomotiv Sofia (Bulgaria) 0 Rapid Bucharest 1 (0-0)</p>
<p>Scorer: George Butoiu</p>
<p>Attendance: 2,500</p>
<p>Rapid Bucharest qualified 2-0 on aggregate.</p>
<p>In Novi Sad:</p>
<p>Vojvodina (Yugoslavia) 1 GAK Graz (Austria)  5  (0-1)</p>
<p>Scorers:</p>
<p>Vojvodina - Stojak (50th)</p>
<p>GAK Graz - Ramusch (44th), Sabitzer (47th, 73rd), Weiger (52nd), Anicic (85th)</p>
<p>Attendance: 8,000</p>
<p>Graz qualified 7-1 on aggregate.</p>
<p>In Molodechno, Belarus:</p>
<p>Dinamo-93 Minsk (Belarus) 0 Helsingborgs (Sweden) 3 (0-2)</p>
<p>Scorers: Roland Nilsen (25th), Mahmus Powell (34th), Martin Pringle (77th)</p>
<p>Attendance: 6,000</p>
<p>Helsingborgs won 4-1 on aggregate</p>
<p>In Valkeakoski:</p>
<p>Haka (Finland) 1 Legia Warsaw (Poland) 1 (0-1)</p>
<p>ScorerS:</p>
<p>Haka - Vallu Popovits (60th)</p>
<p>Legia Warsaw - Marcin Mieciel (5th)</p>
<p>Attendance: 2,100</p>
<p>Legia Warsaw won 4-1 on aggregate</p>
<p>In Pori:</p>
<p>FC Jazz (Finland) 1 Dynamo Moscow (Russia) 3 (1-0)</p>
<p>Scorers:</p>
<p>Jazz - Tomi Levo-Jokimaki (40th)</p>
<p>Dynamo Moscow - Andre Kobelev (59th, penalty), Sergei Artemov (67th, 80th)</p>
<p>Attendance: 1,500</p>
<p>Dynamo won 4-2 on aggregate</p>
<p>In Skopje:</p>
<p>Vardar (Macedonia)  0  Halmstad (Sweden)  1  (0-0)</p>
<p>Scorer: Nilsson (50th)</p>
<p>Attendance: 10,000</p>
<p>Halmstad qualified 1-0 on aggregate</p>
<p>In Malmo:</p>
<p>Malmo (Sweden) 1 Skonto (Latvia) 1 (0-0)</p>
<p>Scorers:</p>
<p>Malmo - Niclas Kindvall (47th)</p>
<p>Skonto - Igor Stepanov (80th)</p>
<p>Attendance: 2,074</p>
<p>Malmo won 4-1 on aggregate</p>
<p>In Istanbul:</p>
<p>Besiktas (Turkey) 2  Dynamo Minsk (Belarus) 0 (0-0)</p>
<p>Scorers: Oktay Derelioglu (63rd), Ertugrul Saglan (71st)</p>
<p>Attendance: 30,000</p>
<p>Besiktas won 3-2 on aggregate</p>
<p>In Nicosia:</p>
<p>Apoel (Cyprus) 2 Iraklis Thessaloniki (Greece) 1 (1-0)</p>
<p>Scorers:</p>
<p>Apoel - Alexis Alexandrou (5th), Andros Sotiriou (86th)</p>
<p>Iraklis - Stefanos Porbokis (89th)</p>
<p>Attendance: 12,000</p>
<p>Apoel Nicosia won 3-1 on aggregate</p>
<p>In Neuchatel, Switzerland:</p>
<p>Neuchatel (Switzerland) 4 Anorthosis Famagusta (Cyprus) 0 (4-0)</p>
<p>Scorers:</p>
<p>Neuchatel - Liazid Sandjak (10th, 27th), Jean-Pierre Cyprien (17th), Alain Vernier (37th)</p>
<p>Attendance: 4,100</p>
<p>Neuchatel won 6-1 on aggregate</p>
<p>In Innsbruck, Austria:</p>
<p>FC Tirol (Austria) 4  Slavia Sofia (Bulgaria) 1 (3-0)</p>
<p>Scorers:</p>
<p>FC Tirol - Maciej Slivovski (28th), Gernot Krinner (31st), Richard Kitzbichler (44th), Sacharjev (own goal, 73rd)</p>
<p>Slavia Sofia - Georgi Sheitanov (48th)</p>
<p>Attendance: 6,000</p>
<p>FC Tirol won 5-2 on aggregate</p>
<p>In Aberdeen:</p>
<p>Aberdeen (Scotland) 1 Zalgiris Vilnius (Lithuania) 3 (0-0)</p>
<p>Scorers:</p>
<p>Aberdeen - Brian Irvine (85th)</p>
<p>Zalgiris - Grhzvydas Mikulenas (53rd, 86th, Puklevicius penalty 76th</p>
<p>Aberdeen won 5-4 on aggregate.</p>
<p>In Glasgow:</p>
<p>Celtic (Scotland) 1 FC Kosice (Slovakia) 0 (0-0)</p>
<p>Scorer: Jorge Cadete (88th)</p>
<p>Attendance: 44,400</p>
<p>Celtic won 1-0 on aggregate</p>
<p>In Odense:</p>
<p>Odense (Denmark) 7  Sliema Wanderers (Malta) 1 (4-1)</p>
<p>Attendance: 3,159.</p>
<p>Odense won 9-1 on aggregate.</p>
<p>In Barry:</p>
<p>Barry Town (Wales) 3  Budapest Vasutas (Hungary) 1 </p>
<p>Scorers:</p>
<p>Barry - Pike (penalty, 45th), O'Gorman (46th), Evans (78th)</p>
<p>Budapest Vasutas - Egressy (63rd)</p>
<p>Aggregate score 4-4. Barry won 4-2 on penalties after extra time.</p>
</text>
<copyright>(c) Reuters Limited 1996</copyright>
<metadata>
<codes class="bip:countries:1.0">
  <code code="UK">
    <editdetail attribution="Reuters BIP Coding Group" action="confirmed" date="1996-08-20"/>
  </code>
</codes>
<codes class="bip:topics:1.0">
  <code code="GCAT">
    <editdetail attribution="Reuters BIP Coding Group" action="confirmed" date="1996-08-20"/>
  </code>
  <code code="GSPO">
    <editdetail attribution="Reuters BIP Coding Group" action="confirmed" date="1996-08-20"/>
  </code>
</codes>
<dc element="dc.date.created" value="1996-08-20"/>
<dc element="dc.publisher" value="Reuters Holdings Plc"/>
<dc element="dc.date.published" value="1996-08-20"/>
<dc element="dc.source" value="Reuters"/>
<dc element="dc.creator.location" value="LONDON"/>
<dc element="dc.creator.location.country.name" value="UK"/>
<dc element="dc.source" value="Reuters"/>
</metadata>
</newsitem>
