<?xml version="1.0" encoding="iso-8859-1" ?>
<newsitem itemid="2647" id="root" date="1996-08-20" xml:lang="en">
<title>UK: SOCCER-ENGLISH PREMIER LEAGUE MATCH SUMMARY.</title>
<headline>SOCCER-ENGLISH PREMIER LEAGUE MATCH SUMMARY.</headline>
<dateline>LONDON 1996-08-20</dateline>
<text>
<p>Summary of Tuesday's English premier league match: Leeds 0 Sheffield Wednesday 2 (Richie Humphries 14th minute, Andy Booth 90th). Halftime 0-1. Attendance unavailable.  </p>
<p>Add attendance: 31,010.</p>
</text>
<copyright>(c) Reuters Limited 1996</copyright>
<metadata>
<codes class="bip:countries:1.0">
  <code code="UK">
    <editdetail attribution="Reuters BIP Coding Group" action="confirmed" date="1996-08-20"/>
  </code>
</codes>
<codes class="bip:topics:1.0">
  <code code="GCAT">
    <editdetail attribution="Reuters BIP Coding Group" action="confirmed" date="1996-08-20"/>
  </code>
  <code code="GSPO">
    <editdetail attribution="Reuters BIP Coding Group" action="confirmed" date="1996-08-20"/>
  </code>
</codes>
<dc element="dc.date.created" value="1996-08-20"/>
<dc element="dc.publisher" value="Reuters Holdings Plc"/>
<dc element="dc.date.published" value="1996-08-20"/>
<dc element="dc.source" value="Reuters"/>
<dc element="dc.creator.location" value="LONDON"/>
<dc element="dc.creator.location.country.name" value="UK"/>
<dc element="dc.source" value="Reuters"/>
</metadata>
</newsitem>
