<?xml version="1.0" encoding="iso-8859-1" ?>
<newsitem itemid="2653" id="root" date="1996-08-20" xml:lang="en">
<title>UK: CRICKET-GIDDINS SUSPENDED UNTIL APRIL 1998 AFTER POSITIVE TEST.</title>
<headline>CRICKET-GIDDINS SUSPENDED UNTIL APRIL 1998 AFTER POSITIVE TEST.</headline>
<dateline>LONDON 1996-08-20</dateline>
<text>
<p>Sussex cricketer Ed Giddins was suspended from playing any match under the jurisdiction of the Test and County Cricket Board until April 1, 1998, after a drugs hearing on Tuesday.</p>
<p>The paceman, who toured Pakistan with England A last winter, tested positive for an illegal substance after a county match against Kent in May.</p>
</text>
<copyright>(c) Reuters Limited 1996</copyright>
<metadata>
<codes class="bip:countries:1.0">
  <code code="PAKIS">
    <editdetail attribution="Reuters BIP Coding Group" action="confirmed" date="1996-08-20"/>
  </code>
  <code code="UK">
    <editdetail attribution="Reuters BIP Coding Group" action="confirmed" date="1996-08-20"/>
  </code>
</codes>
<codes class="bip:topics:1.0">
  <code code="GCAT">
    <editdetail attribution="Reuters BIP Coding Group" action="confirmed" date="1996-08-20"/>
  </code>
  <code code="GSPO">
    <editdetail attribution="Reuters BIP Coding Group" action="confirmed" date="1996-08-20"/>
  </code>
</codes>
<dc element="dc.date.created" value="1996-08-20"/>
<dc element="dc.publisher" value="Reuters Holdings Plc"/>
<dc element="dc.date.published" value="1996-08-20"/>
<dc element="dc.source" value="Reuters"/>
<dc element="dc.creator.location" value="LONDON"/>
<dc element="dc.creator.location.country.name" value="UK"/>
<dc element="dc.source" value="Reuters"/>
</metadata>
</newsitem>
