<?xml version="1.0" encoding="iso-8859-1" ?>
<newsitem itemid="2671" id="root" date="1996-08-20" xml:lang="en">
<title>NETHERLANDS: SOCCER-DUTCH FIRST DIVISION RESULTS.</title>
<headline>SOCCER-DUTCH FIRST DIVISION RESULTS.</headline>
<dateline>AMSTERDAM 1996-08-20</dateline>
<text>
<p>Result of Dutch first division soccer match played on Tuesday:</p>
<p> Roda JC Kerkrade	   1  Feyenoord Rotterdam	 1</p>
</text>
<copyright>(c) Reuters Limited 1996</copyright>
<metadata>
<codes class="bip:countries:1.0">
  <code code="NETH">
    <editdetail attribution="Reuters BIP Coding Group" action="confirmed" date="1996-08-20"/>
  </code>
</codes>
<codes class="bip:topics:1.0">
  <code code="GCAT">
    <editdetail attribution="Reuters BIP Coding Group" action="confirmed" date="1996-08-20"/>
  </code>
  <code code="GSPO">
    <editdetail attribution="Reuters BIP Coding Group" action="confirmed" date="1996-08-20"/>
  </code>
</codes>
<dc element="dc.date.created" value="1996-08-20"/>
<dc element="dc.publisher" value="Reuters Holdings Plc"/>
<dc element="dc.date.published" value="1996-08-20"/>
<dc element="dc.source" value="Reuters"/>
<dc element="dc.creator.location" value="AMSTERDAM"/>
<dc element="dc.creator.location.country.name" value="NETHERLANDS"/>
<dc element="dc.source" value="Reuters"/>
</metadata>
</newsitem>
