<?xml version="1.0" encoding="iso-8859-1" ?>
<newsitem itemid="2685" id="root" date="1996-08-20" xml:lang="en">
<title>SLOVAKIA: SLOVAK C.BANK REVIEWING VSZ HOLDINGS IN BANK.</title>
<headline>SLOVAK C.BANK REVIEWING VSZ HOLDINGS IN BANK.</headline>
<dateline>BRATISLAVA 1996-08-20</dateline>
<text>
<p>The Slovak central bank (NBS) on Tuesday said it was reviewing the holdings of steel maker VSZ a.s. in bank IRB a.s. after the firm requested central bank approval for its acquisition of over 20 percent in the bank.</p>
<p>&quot;While reviewing the VSZ request, we have reqested the Securities Registry (SCP) for an official statement on VSZ's (current) holdings in IRB,&quot; a NBS spokesman, Jan Onda, told Reuters. &quot;The only information regarding the (current) stake we have as of today is controversial, from the press.&quot;  </p>
<p>Onda declined to comment on the issue further.</p>
<p>Following Slovak securities law, VSZ submitted a request to acquire a major stake in IRB bank to the central bank a week ago.</p>
<p>Slovak banking law states that any merger or acquisition involving more than 15 percent of a bank's basic capital must be approved by the central bank within three months from the day request is received.</p>
<p>Confusion surrounds the extent of VSZ holdings, which were published by the SCP recently as being 20.66 percent. The SCP has since said the figure was &quot;mistaken&quot;.</p>
<p>Under Slovak securities law, the SCP must publish the names of any entity which acquires five percent of a firm, or when its total holdings in a company break the threshold of 10, 20, 30, 50 or 65 percent.</p>
<p>VSZ officials have said their firm currently holds a 14.65 percent stake in IRB, but said it is expected to rise to at least 20 percent, once pending purchase agreements with other IRB shareholders are approved by the central bank.</p>
<p>-- Tatiana Vacova, Bratislava Newsroom, 42-7-210-3687</p>
</text>
<copyright>(c) Reuters Limited 1996</copyright>
<metadata>
<codes class="bip:countries:1.0">
  <code code="SLVAK">
    <editdetail attribution="Reuters BIP Coding Group" action="confirmed" date="1996-08-20"/>
  </code>
</codes>
<codes class="bip:industries:1.0">
  <code code="I22100">
    <editdetail attribution="Reuters BIP Coding Group" action="confirmed" date="1996-08-20"/>
  </code>
  <code code="I81402">
    <editdetail attribution="Reuters BIP Coding Group" action="confirmed" date="1996-08-20"/>
  </code>
</codes>
<codes class="bip:topics:1.0">
  <code code="C13">
    <editdetail attribution="Reuters BIP Coding Group" action="confirmed" date="1996-08-20"/>
  </code>
  <code code="C18">
    <editdetail attribution="Reuters BIP Coding Group" action="confirmed" date="1996-08-20"/>
  </code>
  <code code="C181">
    <editdetail attribution="Reuters BIP Coding Group" action="confirmed" date="1996-08-20"/>
  </code>
  <code code="CCAT">
    <editdetail attribution="Reuters BIP Coding Group" action="confirmed" date="1996-08-20"/>
  </code>
</codes>
<dc element="dc.date.created" value="1996-08-20"/>
<dc element="dc.publisher" value="Reuters Holdings Plc"/>
<dc element="dc.date.published" value="1996-08-20"/>
<dc element="dc.source" value="Reuters"/>
<dc element="dc.creator.location" value="BRATISLAVA"/>
<dc element="dc.creator.location.country.name" value="SLOVAKIA"/>
<dc element="dc.source" value="Reuters"/>
</metadata>
</newsitem>
