<?xml version="1.0" encoding="iso-8859-1" ?>
<newsitem itemid="2687" id="root" date="1996-08-20" xml:lang="en">
<title>BULGARIA: ONE REPO DEAL STRUCK ON BULGARIAN BOURSE.</title>
<headline>ONE REPO DEAL STRUCK ON BULGARIAN BOURSE.</headline>
<dateline>SOFIA 1996-08-20</dateline>
<text>
<p>The RABSI (Reuter All Bulgaria Stock Index) was unchanged from Monday's 41.31 points because no shares traded on the Sofia Stock Exchange (SSE) for a twelfth day in a row, brokers said.</p>
<p>One repo deal in treasury paper worth of 1.329 million levs was struck on the SSE, traders said. No repo deals were struck on that bourse on Monday.</p>
<p>The other local bourse, the Bulgarian Stock Exchange (BSE) has been in summer recess since August 5 and will resume trading on September 2.</p>
<p>-- Sofia Newsroom, (++359-2) 981 8569</p>
</text>
<copyright>(c) Reuters Limited 1996</copyright>
<metadata>
<codes class="bip:countries:1.0">
  <code code="BUL">
    <editdetail attribution="Reuters BIP Coding Group" action="confirmed" date="1996-08-20"/>
  </code>
</codes>
<codes class="bip:topics:1.0">
  <code code="M11">
    <editdetail attribution="Reuters BIP Coding Group" action="confirmed" date="1996-08-20"/>
  </code>
  <code code="MCAT">
    <editdetail attribution="Reuters BIP Coding Group" action="confirmed" date="1996-08-20"/>
  </code>
</codes>
<dc element="dc.date.created" value="1996-08-20"/>
<dc element="dc.publisher" value="Reuters Holdings Plc"/>
<dc element="dc.date.published" value="1996-08-20"/>
<dc element="dc.source" value="Reuters"/>
<dc element="dc.creator.location" value="SOFIA"/>
<dc element="dc.creator.location.country.name" value="BULGARIA"/>
<dc element="dc.source" value="Reuters"/>
</metadata>
</newsitem>
