<?xml version="1.0" encoding="iso-8859-1" ?>
<newsitem itemid="2690" id="root" date="1996-08-20" xml:lang="en">
<title>POLAND: POLISH NBP CUTS MAX 14-DAY RATE TO 19.12 PCT.</title>
<headline>POLISH NBP CUTS MAX 14-DAY RATE TO 19.12 PCT.</headline>
<dateline>WARSAW 1996-08-20</dateline>
<text>
<p>The National Bank of Poland cut the maximum accepted rate at its 14-day reverse repo by 0.13 point to 19.12 percent and drained 317 million zlotys from the market after banks bid to place 619 million, the NBP said.</p>
<p>The average accepted rate at the reverse NBP-bill repurchase auction was 19.02 percent.</p>
<p>-- Warsaw Newsroom +48 2 653 9700</p>
</text>
<copyright>(c) Reuters Limited 1996</copyright>
<metadata>
<codes class="bip:countries:1.0">
  <code code="POL">
    <editdetail attribution="Reuters BIP Coding Group" action="confirmed" date="1996-08-20"/>
  </code>
</codes>
<codes class="bip:topics:1.0">
  <code code="E12">
    <editdetail attribution="Reuters BIP Coding Group" action="confirmed" date="1996-08-20"/>
  </code>
  <code code="ECAT">
    <editdetail attribution="Reuters BIP Coding Group" action="confirmed" date="1996-08-20"/>
  </code>
  <code code="M13">
    <editdetail attribution="Reuters BIP Coding Group" action="confirmed" date="1996-08-20"/>
  </code>
  <code code="M131">
    <editdetail attribution="Reuters BIP Coding Group" action="confirmed" date="1996-08-20"/>
  </code>
  <code code="MCAT">
    <editdetail attribution="Reuters BIP Coding Group" action="confirmed" date="1996-08-20"/>
  </code>
</codes>
<dc element="dc.date.created" value="1996-08-20"/>
<dc element="dc.publisher" value="Reuters Holdings Plc"/>
<dc element="dc.date.published" value="1996-08-20"/>
<dc element="dc.source" value="Reuters"/>
<dc element="dc.creator.location" value="WARSAW"/>
<dc element="dc.creator.location.country.name" value="POLAND"/>
<dc element="dc.source" value="Reuters"/>
</metadata>
</newsitem>
