<?xml version="1.0" encoding="iso-8859-1" ?>
<newsitem itemid="2694" id="root" date="1996-08-20" xml:lang="en">
<title>POLAND: NBP OFFERS TO DRAIN PLN 300 MLN FOR 14 DAYS.</title>
<headline>NBP OFFERS TO DRAIN PLN 300 MLN FOR 14 DAYS.</headline>
<dateline>WARSAW 1996-08-20</dateline>
<text>
<p>The National Bank of Poland</p>
<p>offered to drain 300 million zlotys, in nominal terms, off the</p>
<p>market for 14 days through a reverse NBP-bill repurchase</p>
<p>auction, the bank said.</p>
<p>    Deadline hour		 - 12:00</p>
<p>    Date of settlement	  - AUG 21, 1996</p>
<p>    Repurchase		    - SEP 4, 1996</p>
<p>    Discount rate (pct)	 - 20.00</p>
<p>Maturity of bills offered - SEP 18, 1996</p>
<p>-- Warsaw Newsroom +48 22 653 9700</p>
</text>
<copyright>(c) Reuters Limited 1996</copyright>
<metadata>
<codes class="bip:countries:1.0">
  <code code="POL">
    <editdetail attribution="Reuters BIP Coding Group" action="confirmed" date="1996-08-20"/>
  </code>
</codes>
<codes class="bip:topics:1.0">
  <code code="M13">
    <editdetail attribution="Reuters BIP Coding Group" action="confirmed" date="1996-08-20"/>
  </code>
  <code code="M131">
    <editdetail attribution="Reuters BIP Coding Group" action="confirmed" date="1996-08-20"/>
  </code>
  <code code="MCAT">
    <editdetail attribution="Reuters BIP Coding Group" action="confirmed" date="1996-08-20"/>
  </code>
</codes>
<dc element="dc.date.created" value="1996-08-20"/>
<dc element="dc.publisher" value="Reuters Holdings Plc"/>
<dc element="dc.date.published" value="1996-08-20"/>
<dc element="dc.source" value="Reuters"/>
<dc element="dc.creator.location" value="WARSAW"/>
<dc element="dc.creator.location.country.name" value="POLAND"/>
<dc element="dc.source" value="Reuters"/>
</metadata>
</newsitem>
