<?xml version="1.0" encoding="iso-8859-1" ?>
<newsitem itemid="2695" id="root" date="1996-08-20" xml:lang="en">
<title>BULGARIA: LOW LIQUIDITY PUSHES BULGARIAN LEV TO 199 PER DLR.</title>
<headline>LOW LIQUIDITY PUSHES BULGARIAN LEV TO 199 PER DLR.</headline>
<dateline>SOFIA 1996-08-20</dateline>
<text>
<p>The Bulgarian lev slipped to 198.60-199.00 per dollar in low volumes from opening at 198.00/50 on the interbank market as foreign currency supply continued to fall, dealers said.</p>
<p>&quot;The lev retreated to 199 per dollar due to a general reluctance of market makers to offer foreign currency as they expect the lev to fall further,&quot; a commercial bank dealer said.</p>
<p>Banks bid for low foreign currency volumes, mostly on behalf of final clients, but supply was even lower, which put the lev under growing pressure, another dealer said.</p>
<p>The central bank was not detected in the market in the morning, dealers said. Central bank officials were not immediately available for comment. -- Sofia Newsroom, (++359-2) 981 8569</p>
</text>
<copyright>(c) Reuters Limited 1996</copyright>
<metadata>
<codes class="bip:countries:1.0">
  <code code="BUL">
    <editdetail attribution="Reuters BIP Coding Group" action="confirmed" date="1996-08-20"/>
  </code>
</codes>
<codes class="bip:topics:1.0">
  <code code="M13">
    <editdetail attribution="Reuters BIP Coding Group" action="confirmed" date="1996-08-20"/>
  </code>
  <code code="M131">
    <editdetail attribution="Reuters BIP Coding Group" action="confirmed" date="1996-08-20"/>
  </code>
  <code code="M132">
    <editdetail attribution="Reuters BIP Coding Group" action="confirmed" date="1996-08-20"/>
  </code>
  <code code="MCAT">
    <editdetail attribution="Reuters BIP Coding Group" action="confirmed" date="1996-08-20"/>
  </code>
</codes>
<dc element="dc.date.created" value="1996-08-20"/>
<dc element="dc.publisher" value="Reuters Holdings Plc"/>
<dc element="dc.date.published" value="1996-08-20"/>
<dc element="dc.source" value="Reuters"/>
<dc element="dc.creator.location" value="SOFIA"/>
<dc element="dc.creator.location.country.name" value="BULGARIA"/>
<dc element="dc.source" value="Reuters"/>
</metadata>
</newsitem>
