<?xml version="1.0" encoding="iso-8859-1" ?>
<newsitem itemid="2702" id="root" date="1996-08-20" xml:lang="en">
<title>BELGIUM: CURTAINS FOR OLD-STYLE BELGIAN 100 FRANC NOTE.</title>
<headline>CURTAINS FOR OLD-STYLE BELGIAN 100 FRANC NOTE.</headline>
<dateline>BRUSSELS 1996-08-21</dateline>
<text>
<p>Belgium's National Bank will begin removing its old-style 100-franc banknote from circulation from September 2 ahead of a definitive phase-out on December 16, it said in a statement on Wednesday.</p>
<p>The notes, first issued on April 5, 1978, depict the nineteenth century architect, Hendrik Beyaert, a champion of the so-called Eclectic Movement which combined styles from different periods in one building.</p>
<p>Beyaert (1823-1894) designed the Bank's Brussels and Antwerp headquarters as well as the &quot;Petit Sablon&quot; park in Brussels.</p>
<p>After the phase-out date, notes will be exchangeable only at the National Bank's own counters.</p>
<p>The notes have already begun to be replaced by ones depicting Belgian painture and caricaturist James Ensor whose paintings used bizarre and fantastic images as symbols of the evils of society.</p>
</text>
<copyright>(c) Reuters Limited 1996</copyright>
<metadata>
<codes class="bip:countries:1.0">
  <code code="BELG">
    <editdetail attribution="Reuters BIP Coding Group" action="confirmed" date="1996-08-20"/>
  </code>
</codes>
<codes class="bip:topics:1.0">
  <code code="E12">
    <editdetail attribution="Reuters BIP Coding Group" action="confirmed" date="1996-08-20"/>
  </code>
  <code code="E121">
    <editdetail attribution="Reuters BIP Coding Group" action="confirmed" date="1996-08-20"/>
  </code>
  <code code="ECAT">
    <editdetail attribution="Reuters BIP Coding Group" action="confirmed" date="1996-08-20"/>
  </code>
</codes>
<dc element="dc.date.created" value="1996-08-21"/>
<dc element="dc.publisher" value="Reuters Holdings Plc"/>
<dc element="dc.date.published" value="1996-08-20"/>
<dc element="dc.source" value="Reuters"/>
<dc element="dc.creator.location" value="BRUSSELS"/>
<dc element="dc.creator.location.country.name" value="BELGIUM"/>
<dc element="dc.source" value="Reuters"/>
</metadata>
</newsitem>
