<?xml version="1.0" encoding="iso-8859-1" ?>
<newsitem itemid="2707" id="root" date="1996-08-20" xml:lang="en">
<title>FINLAND: PI-CONSULTING TO SURVEILLANCE LIST - BOURSE.</title>
<headline>PI-CONSULTING TO SURVEILLANCE LIST - BOURSE.</headline>
<dateline>HELSINKI 1996-08-20</dateline>
<text>
<p>Finnish engineering consulting group PI-Consulting Oy will be moved to the surveillance list on August 22 since the company is in corporate debt restructuring, the Helsinki Stock Exchange said in a statement on Tuesday.</p>
<p>&quot;The purpose of the surveillance list is to draw investors' attention to a particular issue concerning the company,&quot; the bourse noted.</p>
<p>Trade on the list follows ordinary rules, it added.</p>
<p>-- Helsinki newsroom +358-0-6805 0245</p>
</text>
<copyright>(c) Reuters Limited 1996</copyright>
<metadata>
<codes class="bip:countries:1.0">
  <code code="FIN">
    <editdetail attribution="Reuters BIP Coding Group" action="confirmed" date="1996-08-20"/>
  </code>
</codes>
<codes class="bip:industries:1.0">
  <code code="I83700">
    <editdetail attribution="Reuters BIP Coding Group" action="confirmed" date="1996-08-20"/>
  </code>
</codes>
<codes class="bip:topics:1.0">
  <code code="C14">
    <editdetail attribution="Reuters BIP Coding Group" action="confirmed" date="1996-08-20"/>
  </code>
  <code code="C17">
    <editdetail attribution="Reuters BIP Coding Group" action="confirmed" date="1996-08-20"/>
  </code>
  <code code="CCAT">
    <editdetail attribution="Reuters BIP Coding Group" action="confirmed" date="1996-08-20"/>
  </code>
</codes>
<dc element="dc.date.created" value="1996-08-20"/>
<dc element="dc.publisher" value="Reuters Holdings Plc"/>
<dc element="dc.date.published" value="1996-08-20"/>
<dc element="dc.source" value="Reuters"/>
<dc element="dc.creator.location" value="HELSINKI"/>
<dc element="dc.creator.location.country.name" value="FINLAND"/>
<dc element="dc.source" value="Reuters"/>
</metadata>
</newsitem>
