<?xml version="1.0" encoding="iso-8859-1" ?>
<newsitem itemid="2713" id="root" date="1996-08-20" xml:lang="en">
<title>NETHERLANDS: PAYS-BAS PROPERTY H1 RESULT SURGES.</title>
<headline>PAYS-BAS PROPERTY H1 RESULT SURGES.</headline>
<dateline>AMSTERDAM 1996-08-20</dateline>
<text>
<p>Six months to June 30, 1996</p>
<p>(in millions of guilders unless otherwise stated)</p>
<p>Net profit</p>
<p>    (direct investment result)	 8.2  vs   3.9</p>
<p>    ditto per share (guilders)	 0.22 vs   0.11</p>
<p>    Net rental income		   18.7  vs  14.3</p>
<p>    Interest charges		     7.8  vs   8.2</p>
<p>    Operating costs			2.9  vs   2.2</p>
<p>    Net asset value/shr (guilders)   6.27 vs   6.06*</p>
<p>* NOTE - Comparative figure at end-December 1995.</p>
<p>NOTE - Investment group Pays-Bas Property Fund NV said in</p>
<p>April it expected a substantial profit rise in 1996.</p>
<p>-- Amsterdam newsroom +31 20 504 5000, Fax +31 20 504 5040</p>
</text>
<copyright>(c) Reuters Limited 1996</copyright>
<metadata>
<codes class="bip:countries:1.0">
  <code code="NETH">
    <editdetail attribution="Reuters BIP Coding Group" action="confirmed" date="1996-08-20"/>
  </code>
</codes>
<codes class="bip:industries:1.0">
  <code code="I81502">
    <editdetail attribution="Reuters BIP Coding Group" action="confirmed" date="1996-08-20"/>
  </code>
  <code code="I8150206">
    <editdetail attribution="Reuters BIP Coding Group" action="confirmed" date="1996-08-20"/>
  </code>
</codes>
<codes class="bip:topics:1.0">
  <code code="C15">
    <editdetail attribution="Reuters BIP Coding Group" action="confirmed" date="1996-08-20"/>
  </code>
  <code code="C151">
    <editdetail attribution="Reuters BIP Coding Group" action="confirmed" date="1996-08-20"/>
  </code>
  <code code="CCAT">
    <editdetail attribution="Reuters BIP Coding Group" action="confirmed" date="1996-08-20"/>
  </code>
</codes>
<dc element="dc.date.created" value="1996-08-20"/>
<dc element="dc.publisher" value="Reuters Holdings Plc"/>
<dc element="dc.date.published" value="1996-08-20"/>
<dc element="dc.source" value="Reuters"/>
<dc element="dc.creator.location" value="AMSTERDAM"/>
<dc element="dc.creator.location.country.name" value="NETHERLANDS"/>
<dc element="dc.source" value="Reuters"/>
</metadata>
</newsitem>
