<?xml version="1.0" encoding="iso-8859-1" ?>
<newsitem itemid="2717" id="root" date="1996-08-20" xml:lang="en">
<title>FINLAND: SIJOITUS FORESTIA H1 PROFIT RISES.</title>
<headline>SIJOITUS FORESTIA H1 PROFIT RISES.</headline>
<dateline>HELSINKI 1996-08-20</dateline>
<text>
<p>Six months to June 30, 1996</p>
<p>				    (million markka unless stated)</p>
<p> Profit before appropriations, taxes   7.8 vs 5.4</p>
<p> Earnings per share (markka)	    6.00 vs 4.33</p>
<p> Net sales				    11.3 vs 14.0</p>
<p> Operating profit			    7.8 vs 5.4</p>
<p> Profit before extraordinary items     7.8 vs 5.4</p>
<p> Net financial items		 charge 29 vs 40 charge</p>
<p> Net profit				    5.6 vs 4.0</p>
<p>NOTE - Full name of Finnish investment company is Oy</p>
<p>Sijoitus Forestia Ab.</p>
<p>-- Helsinki newsroom +35 80 6805 0245</p>
</text>
<copyright>(c) Reuters Limited 1996</copyright>
<metadata>
<codes class="bip:countries:1.0">
  <code code="FIN">
    <editdetail attribution="Reuters BIP Coding Group" action="confirmed" date="1996-08-20"/>
  </code>
</codes>
<codes class="bip:industries:1.0">
  <code code="I81502">
    <editdetail attribution="Reuters BIP Coding Group" action="confirmed" date="1996-08-20"/>
  </code>
</codes>
<codes class="bip:topics:1.0">
  <code code="C15">
    <editdetail attribution="Reuters BIP Coding Group" action="confirmed" date="1996-08-20"/>
  </code>
  <code code="C151">
    <editdetail attribution="Reuters BIP Coding Group" action="confirmed" date="1996-08-20"/>
  </code>
  <code code="CCAT">
    <editdetail attribution="Reuters BIP Coding Group" action="confirmed" date="1996-08-20"/>
  </code>
</codes>
<dc element="dc.date.created" value="1996-08-20"/>
<dc element="dc.publisher" value="Reuters Holdings Plc"/>
<dc element="dc.date.published" value="1996-08-20"/>
<dc element="dc.source" value="Reuters"/>
<dc element="dc.creator.location" value="HELSINKI"/>
<dc element="dc.creator.location.country.name" value="FINLAND"/>
<dc element="dc.source" value="Reuters"/>
</metadata>
</newsitem>
