<?xml version="1.0" encoding="iso-8859-1" ?>
<newsitem itemid="2721" id="root" date="1996-08-20" xml:lang="en">
<title>FINLAND: OKOBANK HAS H1 OPERATING PROFIT.</title>
<headline>OKOBANK HAS H1 OPERATING PROFIT.</headline>
<dateline>HELSINKI 1996-08-20</dateline>
<text>
<p>Six months to June 30, 1996</p>
<p>				    (million markka unless stated)</p>
<p> Operating profit after credit losses	 169 vs 14 loss</p>
<p> Loan and guarantee losses			102 vs 150</p>
<p> Net income from financial operations	 236 vs 248</p>
<p> Earnings per share (markka)		   5.42 vs 0.94 loss</p>
<p> Capital adequacy (BIS), percent	     21.2 vs 21.4 end-1995</p>
<p> Income to expenses ratio			1.61 vs 1.24</p>
<p> Interest income				  1,304 vs 1,864</p>
<p> Net income from leasing			   19 vs 27</p>
<p> Interest expenses				1,087 vs 1,643</p>
<p> Dividend income				     14 vs 9</p>
<p> Commission income				  209 vs 160</p>
<p> Commission expenses				 28 vs 20</p>
<p> Net income from securities transactions    162 vs 36</p>
<p> Net income from forex dealings		  12 vs 2 charge</p>
<p> Other operating income			   209 vs 220</p>
<p> Staff costs					  155 vs 163</p>
<p> Other administrative expenses		   98 vs 114</p>
<p> Depreciation					  71 vs 72</p>
<p> Other operating expenses			 169 vs 171</p>
<p>Write-downs on securities held</p>
<p>  as financial fixed assets			56 vs nil</p>
<p>Profit from companies</p>
<p> carried under equity method			7 vs 4</p>
<p> Extraordinary gain				   1 vs 31</p>
<p> Extraordinary expenses			     3 vs 5</p>
<p> PROFIT BEFORE APPROPRIATIONS AND TAXES     166 vs 12</p>
<p>NOTE - Full name of the cooperative-owned bank is</p>
<p>Osuuspankkien Keskuspankki Oy.</p>
<p>-- Helsinki newsroom +358-0-6805 0245</p>
</text>
<copyright>(c) Reuters Limited 1996</copyright>
<metadata>
<codes class="bip:countries:1.0">
  <code code="FIN">
    <editdetail attribution="Reuters BIP Coding Group" action="confirmed" date="1996-08-20"/>
  </code>
</codes>
<codes class="bip:industries:1.0">
  <code code="I81402">
    <editdetail attribution="Reuters BIP Coding Group" action="confirmed" date="1996-08-20"/>
  </code>
</codes>
<codes class="bip:topics:1.0">
  <code code="C15">
    <editdetail attribution="Reuters BIP Coding Group" action="confirmed" date="1996-08-20"/>
  </code>
  <code code="C151">
    <editdetail attribution="Reuters BIP Coding Group" action="confirmed" date="1996-08-20"/>
  </code>
  <code code="CCAT">
    <editdetail attribution="Reuters BIP Coding Group" action="confirmed" date="1996-08-20"/>
  </code>
</codes>
<dc element="dc.date.created" value="1996-08-20"/>
<dc element="dc.publisher" value="Reuters Holdings Plc"/>
<dc element="dc.date.published" value="1996-08-20"/>
<dc element="dc.source" value="Reuters"/>
<dc element="dc.creator.location" value="HELSINKI"/>
<dc element="dc.creator.location.country.name" value="FINLAND"/>
<dc element="dc.source" value="Reuters"/>
</metadata>
</newsitem>
