<?xml version="1.0" encoding="iso-8859-1" ?>
<newsitem itemid="2725" id="root" date="1996-08-20" xml:lang="en">
<title>AUSTRALIA: Australia budget aims to set path for prosperity.</title>
<headline>Australia budget aims to set path for prosperity.</headline>
<byline>Terry Friel</byline>
<dateline>CANBERRA 1996-08-20</dateline>
<text>
<p>Aborigines burnt an Australian flag in front of parliament house on Tuesday as Treasurer Peter Costello, inside, declared his budget an historic opportunity to to set Australia on the path to economic prosperity,</p>
<p>Hundreds of other Aborigines staged rallies in Brisbane and Adelaide against already announced cuts to indigenous funding in the 1996/97 budget, which Costello formally unveiled on Tuesday.</p>
<p>Announcing a A$5.6 billion (US$4.4 billion) underlying deficit for the fiscal year to June 30, 1997, Costello defended the cuts, saying the Liberal-National government had taken the tough decisions needed to turn Australia away from &quot;a path to deficit and debt&quot; in its first budget.</p>
<p>&quot;This is the once-in-the-term, once-in-the-decade opportunity to get it right,&quot; he told reporters.</p>
<p>The budget slashed A$3.9 billion from hundreds of government programmes, but centred largely on aboriginal affairs, universities and schemes to help the jobless find work.</p>
<p>The spending cuts, many of which had been announced ahead of the budget, have sparked widespread protests around the country and triggered rioting at parliament house here on Monday.</p>
<p>There were more protests on Tuesday as aboriginal groups and unionists continued to vent their anger.</p>
<p>Costello said the cuts, to be followed by similar reductions next year, would attack Australia's chronic underlying budget deficit and burgeoning debt. The underlying measure excludes revenue windfalls such as asset sales.</p>
<p>&quot;(Without the cuts) debt would be increasing and Australia would be dangerously exposed to shifts in the international outlook or sentiment,&quot; Costello said in his budget speech.</p>
<p>But he also honoured key campaign promises that helped the Liberal-National coalition oust Labor in a landslide March election win, implementing A$1 billion in tax breaks for low and middle income families, more money for the elderly and a range of programmes and tax changes to help small business.</p>
<p>&quot;This budget implements the key election commitments of the coalition and it does so as part of a responsible economic strategy,&quot; Costello told parliament.</p>
<p>The budget, the first by a conservative government after 13 years of Labor rule, does little to address Australia's high unemployment, which is forecast to remain at 8.5 percent.</p>
<p>The Labor opposition and minor parties have threatened to block budget measures in parliament's upper house, the Senate, where the government does not have a majority.</p>
<p>But Costello warned an obstructionist Senate would jeorpardise the economic turnaround.</p>
<p>&quot;The Senate could knock this budget around. But if it does, it's knocking around our future,&quot; he told reporters.</p>
<p>&quot;If we hadn't taken measures in this budget, which are designed over two years to reduce the underlying bottom line by A$7.2 billion, Australia would have been on a path to deficit and debt to the year 2000.&quot;</p>
<p>The projected A$5.6 billion underlying deficit is less than half the A$10.3 billion shortfall in 1995/96. The 1996/97 headline result, which takes all figures into account, is a A$474 million surplus.</p>
<p>Costello said the budget measures were aimed at cementing sustainable economic growth, reducing debt, boosting national savings and creating jobs.</p>
<p>The budget papers gave an optimistic outlook for the Australian economy, with growth forecast at 3.5 percent in 1996/97, against 4.1 percent in 1995/96.</p>
<p>Inflation is seen falling to two percent from 4.2 percent and unemployment is projected to remain steady at 8.5 percent.</p>
<p>About 150 Aborigines attacked police with bricks, bottles and stakes during a 20-minute confrontation at the old parliament house.</p>
<p>One policewoman was repeatedly kicked and has been taken to hospital in a serious condition, a police spokeswoman said.</p>
<p>(A$1 = US$0.79)</p>
</text>
<copyright>(c) Reuters Limited 1996</copyright>
<metadata>
<codes class="bip:countries:1.0">
  <code code="AUSTR">
    <editdetail attribution="Reuters BIP Coding Group" action="confirmed" date="1996-08-20"/>
  </code>
</codes>
<codes class="bip:topics:1.0">
  <code code="E21">
    <editdetail attribution="Reuters BIP Coding Group" action="confirmed" date="1996-08-20"/>
  </code>
  <code code="E211">
    <editdetail attribution="Reuters BIP Coding Group" action="confirmed" date="1996-08-20"/>
  </code>
  <code code="ECAT">
    <editdetail attribution="Reuters BIP Coding Group" action="confirmed" date="1996-08-20"/>
  </code>
  <code code="GCAT">
    <editdetail attribution="Reuters BIP Coding Group" action="confirmed" date="1996-08-20"/>
  </code>
  <code code="GPOL">
    <editdetail attribution="Reuters BIP Coding Group" action="confirmed" date="1996-08-20"/>
  </code>
  <code code="GVIO">
    <editdetail attribution="Reuters BIP Coding Group" action="confirmed" date="1996-08-20"/>
  </code>
</codes>
<dc element="dc.date.created" value="1996-08-20"/>
<dc element="dc.publisher" value="Reuters Holdings Plc"/>
<dc element="dc.date.published" value="1996-08-20"/>
<dc element="dc.source" value="Reuters"/>
<dc element="dc.creator.location" value="CANBERRA"/>
<dc element="dc.creator.location.country.name" value="AUSTRALIA"/>
<dc element="dc.source" value="Reuters"/>
</metadata>
</newsitem>
