<?xml version="1.0" encoding="iso-8859-1" ?>
<newsitem itemid="2727" id="root" date="1996-08-20" xml:lang="en">
<title>UK: FOCUS - FX market alert on rates ahead of Buba, Fed.</title>
<headline>FOCUS - FX market alert on rates ahead of Buba, Fed.</headline>
<byline>Abigail Levene</byline>
<dateline>LONDON 1996-08-20</dateline>
<text>
<p>Currency markets were on red alert for central bank rate manoeuvres on Tuesday after German money supply growth slowed, but players expected steady U.S. credit policy after the Federal Reserve meeting later in the day.</p>
<p>The German mark gave back some territory recently seized from its European satellites and saw its losses accelerate after German July M3 growth came in at 8.6 percent, down from June's 9.6 percent and at the lower end of analysts' expectations.</p>
<p>Economists said the figure nourished speculation that the Bundesbank would trim its repo rate after Thursday's council meeting, the first since the bank's summer recess.</p>
<p>The dollar held steady against the mark, but was unable to make headway as traders awaited the Federal Open Market Committee (FOMC) meeting with no expectations of a rate move.</p>
<p>Dealers and analysts said the market was pricing in a 10 to 15 basis-point reduction in the 3.3 percent German repo rate later this week. But some warned against complacency.</p>
<p>Nick Stamenkovic, economist at DKB International in London, recalled that the market had been widely anticipating a repo cut before the summer recess, only to be disappointed.</p>
<p>&quot;Lingering in the back of the market's mind is that the Bundesbank is saying one thing but might do another,&quot; he said.</p>
<p>Peter Heath, senior dealer at Merita Bank, saw danger for European peripheral currencies whatever the Bundesbank decided.</p>
<p>&quot;The risk is if there's no change the mark will strengthen again,&quot; he said. &quot;If they do cut by 10 or 15 points, the market will say this is the base (in rates) and buy marks on that.&quot;</p>
<p>While debate bubbled over German monetary moves, there was widespread confidence the U.S. would leave rates untouched.</p>
<p>Just a few weeks ago, Fed tightening was considered a foregone conclusion. But a spate of inflation-benign U.S. data triggered a sea change in opinion -- although whispers of a possible Fed rate rise as a pre-emptive strike against inflation have not died away completely.</p>
<p>&quot;It's hard to find anyone looking for a Fed tightening today,&quot; said Jeremy Hawkins, senior economic adviser at BankAmerica. &quot;There's a very small risk of a hike and the main focus now is whether the Fed has to move at all this year.&quot;</p>
<p>Fed inaction now does not mean the prospect of U.S. credit tightening is dead and buried, analysts said. A Reuters poll of 30 economists showed none expected a policy change on Tuesday, but 19 saw the Fed hiking rates by the end of the year.</p>
<p>The dollar was quoted at 1.4895 marks by midsession, barely changed from Monday's late European level of 1.4881.</p>
<p>The mark eased to 3.4173 French francs and 1,018.50 lire from Monday's closes of 3.4218 and 1,020.22 respectively.</p>
<p>One more vital piece of German data is due before the Bundesbank meets on Thursday. The market will scrutinise the July business climate index from Germany's influential Ifo institute, out on Wednesday, for a last rate clue.</p>
<p>Economists predict at best a small improvement in the index, seeing it inching up to 91.0 after hitting a three-month low of 90.4 in June. A soft number would stoke easing speculation.</p>
<p>The Bank of France monetary policy council also meets this week, but most economists do not anticipate a rate cut. However, easing by the Bundesbank would boost the chances of a near-term French rate reduction, they said.</p>
</text>
<copyright>(c) Reuters Limited 1996</copyright>
<metadata>
<codes class="bip:countries:1.0">
  <code code="UK">
    <editdetail attribution="Reuters BIP Coding Group" action="confirmed" date="1996-08-20"/>
  </code>
</codes>
<codes class="bip:topics:1.0">
  <code code="M13">
    <editdetail attribution="Reuters BIP Coding Group" action="confirmed" date="1996-08-20"/>
  </code>
  <code code="M132">
    <editdetail attribution="Reuters BIP Coding Group" action="confirmed" date="1996-08-20"/>
  </code>
  <code code="MCAT">
    <editdetail attribution="Reuters BIP Coding Group" action="confirmed" date="1996-08-20"/>
  </code>
</codes>
<dc element="dc.date.created" value="1996-08-20"/>
<dc element="dc.publisher" value="Reuters Holdings Plc"/>
<dc element="dc.date.published" value="1996-08-20"/>
<dc element="dc.source" value="Reuters"/>
<dc element="dc.creator.location" value="LONDON"/>
<dc element="dc.creator.location.country.name" value="UK"/>
<dc element="dc.source" value="Reuters"/>
</metadata>
</newsitem>
