<?xml version="1.0" encoding="iso-8859-1" ?>
<newsitem itemid="2731" id="root" date="1996-08-20" xml:lang="en">
<title>AUSTRALIA: Australian Alan Bond jailed for three years.</title>
<headline>Australian Alan Bond jailed for three years.</headline>
<dateline>PERTH, Australia</dateline>
<text>
<p>Failed Australian businessman Alan Bond was sentenced to three years in jail Tuesday for fraud involving the French impressionist painting, La Promenade.</p>
<p>The Western Australia District Court sentenced Bond after a jury last Friday found him guilty of four fraud charges, brought by the corporate watchdog the Australian Securities Commission, which carried a maximum sentence of 14 years in jail.</p>
</text>
<copyright>(c) Reuters Limited 1996</copyright>
<metadata>
<codes class="bip:countries:1.0">
  <code code="AUSTR">
    <editdetail attribution="Reuters BIP Coding Group" action="confirmed" date="1996-08-20"/>
  </code>
</codes>
<codes class="bip:industries:1.0">
  <code code="I83960">
    <editdetail attribution="Reuters BIP Coding Group" action="confirmed" date="1996-08-20"/>
  </code>
</codes>
<codes class="bip:topics:1.0">
  <code code="C12">
    <editdetail attribution="Reuters BIP Coding Group" action="confirmed" date="1996-08-20"/>
  </code>
  <code code="CCAT">
    <editdetail attribution="Reuters BIP Coding Group" action="confirmed" date="1996-08-20"/>
  </code>
  <code code="GCAT">
    <editdetail attribution="Reuters BIP Coding Group" action="confirmed" date="1996-08-20"/>
  </code>
  <code code="GCRIM">
    <editdetail attribution="Reuters BIP Coding Group" action="confirmed" date="1996-08-20"/>
  </code>
</codes>
<dc element="dc.publisher" value="Reuters Holdings Plc"/>
<dc element="dc.date.published" value="1996-08-20"/>
<dc element="dc.source" value="Reuters"/>
<dc element="dc.creator.location" value="PERTH, Australia"/>
<dc element="dc.creator.location.country.name" value="AUSTRALIA"/>
<dc element="dc.source" value="Reuters"/>
</metadata>
</newsitem>
