<?xml version="1.0" encoding="iso-8859-1" ?>
<newsitem itemid="2737" id="root" date="1996-08-20" xml:lang="en">
<title>USA: CompuServe sees Q2 loss of $0.10-$0.15. [CORRECTED 22:55 GMT]</title>
<headline>CompuServe sees Q2 loss of $0.10-$0.15. [CORRECTED 22:55 GMT]</headline>
<dateline>COLUMBUS, Ohio 1996-08-20</dateline>
<text>
<p>CompuServe Corp said Tuesday it anticipates a second-quarter loss of about $0.10-$0.15 a share due to new product introductions.</p>
<p>&quot;Incremental costs associated with the introduction of CompuServe 3.0 and the release of 'WOW! teens view' are anticipated to result in a quarter-quarter loss of approximately $0.10-$0.15 a share,&quot; Bob Massey, president and chief executive officer, said in the company's first-quarter report. It posted a first-quarter loss of $0.19 a share before non-recurring charges (Corrects to add &quot;before non-recurring charges.&quot;) But the on-line service unveiled cost cuts and other measures and said it expects the second half to improve. </p>
<p>The company said, as forecast earlier, that a decline in subscriber growth, investments in its WOW! service for novice users and infrastructure improvements hurt the first quarter.</p>
<p>Subscribers declined from the previous quarter as cancellations outpaced new subscribers, it said.</p>
<p>Cost cutting measures include the pending sale of its corporate computer software group of SPRY, Inc. It will also consolidate U.S. staff functions and offices, restructure some third-party customer service agreements and write off software costs for some systems no longer in use, it said.</p>
<p>The moves are designed to save $20 million in the rest of the current April-ending year and $30 million on an annualized basis.</p>
<p>Massey said most of the 150 job cuts have taken place. That amounts to about four percent of the workforce.</p>
<p>Massey said CompuServe is well positioned for substantial gains in the weeks and years ahead. International growth and additional revenue sources such as advertising, interchange and transaction fees should also contribute, CompuServe said.</p>
<p>&quot;Coupled with new product releases and aggressive marketing campaigns, we expect the third and fourth quarters to improve with subscribers topping the seven million mark including our Japanese licensee service, NiftyServe,&quot; he said.</p>
<p>--Cleveland Newsdesk 216-579-0077</p>
</text>
<copyright>(c) Reuters Limited 1996</copyright>
<metadata>
<codes class="bip:countries:1.0">
  <code code="USA">
    <editdetail attribution="Reuters BIP Coding Group" action="confirmed" date="1996-08-20"/>
  </code>
</codes>
<codes class="bip:industries:1.0">
  <code code="I83940">
    <editdetail attribution="Reuters BIP Coding Group" action="confirmed" date="1996-08-20"/>
  </code>
</codes>
<codes class="bip:topics:1.0">
  <code code="C15">
    <editdetail attribution="Reuters BIP Coding Group" action="confirmed" date="1996-08-20"/>
  </code>
  <code code="C152">
    <editdetail attribution="Reuters BIP Coding Group" action="confirmed" date="1996-08-20"/>
  </code>
  <code code="CCAT">
    <editdetail attribution="Reuters BIP Coding Group" action="confirmed" date="1996-08-20"/>
  </code>
</codes>
<dc element="dc.date.created" value="1996-08-20"/>
<dc element="dc.publisher" value="Reuters Holdings Plc"/>
<dc element="dc.date.published" value="1996-08-20"/>
<dc element="dc.source" value="Reuters"/>
<dc element="dc.creator.location" value="COLUMBUS, Ohio"/>
<dc element="dc.creator.location.country.name" value="USA"/>
<dc element="dc.source" value="Reuters"/>
</metadata>
</newsitem>
