<?xml version="1.0" encoding="iso-8859-1" ?>
<newsitem itemid="2743" id="root" date="1996-08-20" xml:lang="en">
<title>CANADA: Canada dollar closes softer after no U.S. rate cut.</title>
<headline>Canada dollar closes softer after no U.S. rate cut.</headline>
<text>
<p>FORECAST RANGE   1.3700/1.3750	    ASIAN CLOSE     1.3733</p>
<p>RESISTANCE 1.3680   SUPPORT 1.3800	HI 1.3753   LO  1.3723</p>
<p>CANADA OPEN  1.3735/40    HI 1.3753     EUROPE OPEN     1.3730</p>
<p>PREV CLOSE   1.3725/30    LO 1.3723     HI 1.3740   LO  1.3736</p>
<p>----------------------MARKET COMMENT-------------------------</p>
<p>* Canadian dollar ended slightly softer at C$1.3735 (US$0.7281) from Monday's close of C$1.3725 (US$0.7286) after a session of little activity. * Since the U.S. Federal Open Market Committee did not hike rates at today's meeting, some investors are now expecting a cut in Canadian interest rates.</p>
<p>* Unit seen trading C$1.3725 to C$1.3750 overnight.  </p>
<p>In economic news, Canada's June trade surplus fell to C$3.14 billion from a revised record of C$3.95 billion in May, Statistics Canada said. This weaker-than-forecast number may help spur an ease this week or next, economists have said.</p>
<p>&quot;All eyes are now on the Bank of Canada to see if there will be any adjustment,&quot; said CIBC foreign exchange specialist Reid Farrill. &quot;We're in a holding pattern.&quot;</p>
<p>Farrill sees the unit trading in a narrow range of C$1.3725 to C$1.3750 overnight.</p>
<p>On the crosses, Canada's dollar stayed basically flat at 1.0830 marks and 78.83 yen from Monday's close.</p>
<p>-- Lydia Zajc, Reuters Toronto Bureau (416) 941-8100</p>
</text>
<copyright>(c) Reuters Limited 1996</copyright>
<metadata>
<codes class="bip:countries:1.0">
  <code code="CANA">
    <editdetail attribution="Reuters BIP Coding Group" action="confirmed" date="1996-08-20"/>
  </code>
</codes>
<codes class="bip:topics:1.0">
  <code code="M13">
    <editdetail attribution="Reuters BIP Coding Group" action="confirmed" date="1996-08-20"/>
  </code>
  <code code="M132">
    <editdetail attribution="Reuters BIP Coding Group" action="confirmed" date="1996-08-20"/>
  </code>
  <code code="MCAT">
    <editdetail attribution="Reuters BIP Coding Group" action="confirmed" date="1996-08-20"/>
  </code>
</codes>
<dc element="dc.publisher" value="Reuters Holdings Plc"/>
<dc element="dc.date.published" value="1996-08-20"/>
<dc element="dc.source" value="Reuters"/>
<dc element="dc.creator.location.country.name" value="CANADA"/>
<dc element="dc.source" value="Reuters"/>
</metadata>
</newsitem>
