<?xml version="1.0" encoding="iso-8859-1" ?>
<newsitem itemid="2746" id="root" date="1996-08-20" xml:lang="en">
<title>CANADA: Bombardier expects 30-35 RJ orders in Q3.</title>
<headline>Bombardier expects 30-35 RJ orders in Q3.</headline>
<dateline>MONTREAL 1996-08-20</dateline>
<text>
<p>Bombardier Inc said on Tuesday that it expects to announce by the end of its third quarter 30 to 35 more firm orders for its Canadair Regional Jet.</p>
<p>&quot;What we expect is that by the end of the next quarter we are going to fill our order backlog for next year. For that we require a good number of orders between now and the end of October. I would say between 30 and 35 would be very satisfying,&quot; Bombardier spokesman Michel Lord told Reuters.</p>
<p>Lord was confirming a forecast made by chief executive Laurent Beaudoin in a telephone conference call with analysts late Tuesday afternoon.  </p>
<p>In the conference call, Beaudoin said that he expected Bombardier to announce in the third quarter ended October 31 firm orders for the Regional Jet that would fill production up to January 31, 1998. The current order backlog for the Regional Jet is 40, and Bombardier is producing the 50-seat jet at a rate of five each month.</p>
<p>Lord said most of the new orders are likely to come from North American airlines.</p>
<p>&quot;I would say that we are talking most about North America at this time, where the market is quite active and you have large regional airlines that can order a sizeable amount of aircraft in one order,&quot; Lord said.  </p>
<p>Lord said Bombardier is in active discussions with airlines on ordering the Regional Jet, but he declined to name them.</p>
<p>&quot;We are having a lot of serious negotiations. If only half of them materialized, we could quite well fill up our 1997 year,&quot; Lord said.</p>
<p>Margaret Cornish-Kehoe, analyst at ScotiaMcLeod Inc, said Beaudoin's forecast was well received as it was the first time Bombardier made a specific forecast on boosting its firm order book for the Regional Jet.</p>
<p>&quot;I am very happy. There is no question this is very positive,&quot; Cornish-Kehoe said.  </p>
<p>Some analysts had been worried in recent weeks that Bombardier had not updated its order backlog for the Regional Jet from the 40 announced several months ago. In heavy trading last week and on Monday and Tuesday, Bombardier's Class B shares recovered much of the ground lost earlier on those concerns.</p>
<p>Cornish-Kehoe said that during the conference call Beaudoin also said he was expecting Bombardier to announce in the next few months that it would be boosting the order book for the de Havilland Dash-8 to the extent that production volumes would be filled for the next fiscal year, ending January 31, 1998.</p>
<p>-- Reuters Montreal bureau (514) 985-2434</p>
</text>
<copyright>(c) Reuters Limited 1996</copyright>
<metadata>
<codes class="bip:countries:1.0">
  <code code="CANA">
    <editdetail attribution="Reuters BIP Coding Group" action="confirmed" date="1996-08-20"/>
  </code>
</codes>
<codes class="bip:industries:1.0">
  <code code="I36400">
    <editdetail attribution="Reuters BIP Coding Group" action="confirmed" date="1996-08-20"/>
  </code>
  <code code="I3640010">
    <editdetail attribution="Reuters BIP Coding Group" action="confirmed" date="1996-08-20"/>
  </code>
</codes>
<codes class="bip:topics:1.0">
  <code code="C33">
    <editdetail attribution="Reuters BIP Coding Group" action="confirmed" date="1996-08-20"/>
  </code>
  <code code="CCAT">
    <editdetail attribution="Reuters BIP Coding Group" action="confirmed" date="1996-08-20"/>
  </code>
</codes>
<dc element="dc.date.created" value="1996-08-20"/>
<dc element="dc.publisher" value="Reuters Holdings Plc"/>
<dc element="dc.date.published" value="1996-08-20"/>
<dc element="dc.source" value="Reuters"/>
<dc element="dc.creator.location" value="MONTREAL"/>
<dc element="dc.creator.location.country.name" value="CANADA"/>
<dc element="dc.source" value="Reuters"/>
</metadata>
</newsitem>
