<?xml version="1.0" encoding="iso-8859-1" ?>
<newsitem itemid="2758" id="root" date="1996-08-20" xml:lang="en">
<title>USA: RESEARCH ALERT - Movado initiated as buy.</title>
<headline>RESEARCH ALERT - Movado initiated as buy.</headline>
<text>
<p>-- Rodman &amp; Renshaw Inc said Tuesday it initiated coverage of Movado Group Inc with a buy rating and a 12- to 18-month price target of $29 a share.</p>
<p>-- Movado shares were unchanged at 18-1/8.</p>
<p>-- &quot;With its fiscal 1996 (ended January 31) revenue base of $185.9 million, its current global market share is small,&quot; Rodman said in a report. &quot;However, in the U.S. which represents about 20 percent of this $9 billion wholesale global market, (Movado) is a major player in the segments in which it competes -- namely watches with wholesale prices from $80 and up.&quot;</p>
<p>-- Rodman said it believes Movado is poised to continue to sustain consistent annual double-digit top- and bottom-line growth as it steadily increases its profitable market share.</p>
<p>Reuters Chicago Newsdesk - 312-408-8787</p>
</text>
<copyright>(c) Reuters Limited 1996</copyright>
<metadata>
<codes class="bip:countries:1.0">
  <code code="USA">
    <editdetail attribution="Reuters BIP Coding Group" action="confirmed" date="1996-08-20"/>
  </code>
</codes>
<codes class="bip:industries:1.0">
  <code code="I37400">
    <editdetail attribution="Reuters BIP Coding Group" action="confirmed" date="1996-08-20"/>
  </code>
</codes>
<codes class="bip:topics:1.0">
  <code code="C15">
    <editdetail attribution="Reuters BIP Coding Group" action="confirmed" date="1996-08-20"/>
  </code>
  <code code="C152">
    <editdetail attribution="Reuters BIP Coding Group" action="confirmed" date="1996-08-20"/>
  </code>
  <code code="CCAT">
    <editdetail attribution="Reuters BIP Coding Group" action="confirmed" date="1996-08-20"/>
  </code>
</codes>
<dc element="dc.publisher" value="Reuters Holdings Plc"/>
<dc element="dc.date.published" value="1996-08-20"/>
<dc element="dc.source" value="Reuters"/>
<dc element="dc.creator.location.country.name" value="USA"/>
<dc element="dc.source" value="Reuters"/>
</metadata>
</newsitem>
