<?xml version="1.0" encoding="iso-8859-1" ?>
<newsitem itemid="2761" id="root" date="1996-08-20" xml:lang="en">
<title>USA: RESEARCH ALERT-Cemig started as buy.</title>
<headline>RESEARCH ALERT-Cemig started as buy.</headline>
<text>
<p>-- Santander Investment said it has initiated coverage of Brazilian power firm Cemig, which is majority owned by Minas Gerais state, with a buy rating and set a 12- to 18-month price target of $41 per 1,000 shares.</p>
<p>-- Cemig is expected to report earnings of $2 per 1,000 shares in 1996, $1.67 in 1997 and $2.11 in 1998, the bank said in a statement.</p>
<p>-- It said the utility's current valuation is too low given its earnings stability and improving financial situation.  </p>
<p>-- &quot;The stock currently trades at a 20 percent discount to Copel, the only other integrated Brazilian utility, and at a 40 percent discount to an average of Chilean and Argentine generators,&quot; the bank said.</p>
<p>-- Santander said its price target represents an upside potential of 30 percent.  </p>
<p>-- Minas Gerais's abundant hydropower potential, Cemig's strong cash-generating capacity, possible benefits from privatization of its gas distribution unit and its current attractive valuation also support the buy rating, the bank said.</p>
<p>-- Among concerns are Cemig's low-margin client base, the state's below national average demand and distortions from accounting changes, it added.</p>
<p>-- Cemig preferred was down 1.9 percent at 31.00 reais ($30.57) at 1616 local time/1516 EDT on the Sao Paulo Stock Exchange.</p>
<p>-- James Craig, Sao Paulo newsroom 5511 232 4411</p>
</text>
<copyright>(c) Reuters Limited 1996</copyright>
<metadata>
<codes class="bip:countries:1.0">
  <code code="BRAZ">
    <editdetail attribution="Reuters BIP Coding Group" action="confirmed" date="1996-08-20"/>
  </code>
  <code code="USA">
    <editdetail attribution="Reuters BIP Coding Group" action="confirmed" date="1996-08-20"/>
  </code>
</codes>
<codes class="bip:industries:1.0">
  <code code="I16100">
    <editdetail attribution="Reuters BIP Coding Group" action="confirmed" date="1996-08-20"/>
  </code>
</codes>
<codes class="bip:topics:1.0">
  <code code="C15">
    <editdetail attribution="Reuters BIP Coding Group" action="confirmed" date="1996-08-20"/>
  </code>
  <code code="C152">
    <editdetail attribution="Reuters BIP Coding Group" action="confirmed" date="1996-08-20"/>
  </code>
  <code code="CCAT">
    <editdetail attribution="Reuters BIP Coding Group" action="confirmed" date="1996-08-20"/>
  </code>
</codes>
<dc element="dc.publisher" value="Reuters Holdings Plc"/>
<dc element="dc.date.published" value="1996-08-20"/>
<dc element="dc.source" value="Reuters"/>
<dc element="dc.creator.location.country.name" value="USA"/>
<dc element="dc.source" value="Reuters"/>
</metadata>
</newsitem>
