<?xml version="1.0" encoding="iso-8859-1" ?>
<newsitem itemid="2763" id="root" date="1996-08-20" xml:lang="en">
<title>USA: RESEARCH ALERT - Urban Outfitters cut.</title>
<headline>RESEARCH ALERT - Urban Outfitters cut.</headline>
<text>
<p>-- J.C. Bradford analyst Elliot Laurence said he cut his rating on Urban Outfitters Inc because the stock's performance had not quite lived up to Wall Street's expectations.</p>
<p>-- &quot;Although the results are positive and the stock has performed extremely well over the last six months, we did not see the magnitude of outperformance which had been anticipated,&quot; Laurence said. &quot;Based on these levels, there is more risk than reward.&quot;</p>
<p>-- Shares were down 3-3/8 at 21-1/8 on Tuesday afternoon.</p>
</text>
<copyright>(c) Reuters Limited 1996</copyright>
<metadata>
<codes class="bip:countries:1.0">
  <code code="USA">
    <editdetail attribution="Reuters BIP Coding Group" action="confirmed" date="1996-08-20"/>
  </code>
</codes>
<codes class="bip:industries:1.0">
  <code code="I65600">
    <editdetail attribution="Reuters BIP Coding Group" action="confirmed" date="1996-08-20"/>
  </code>
  <code code="I6560002">
    <editdetail attribution="Reuters BIP Coding Group" action="confirmed" date="1996-08-20"/>
  </code>
</codes>
<codes class="bip:topics:1.0">
  <code code="C15">
    <editdetail attribution="Reuters BIP Coding Group" action="confirmed" date="1996-08-20"/>
  </code>
  <code code="C152">
    <editdetail attribution="Reuters BIP Coding Group" action="confirmed" date="1996-08-20"/>
  </code>
  <code code="CCAT">
    <editdetail attribution="Reuters BIP Coding Group" action="confirmed" date="1996-08-20"/>
  </code>
</codes>
<dc element="dc.publisher" value="Reuters Holdings Plc"/>
<dc element="dc.date.published" value="1996-08-20"/>
<dc element="dc.source" value="Reuters"/>
<dc element="dc.creator.location.country.name" value="USA"/>
<dc element="dc.source" value="Reuters"/>
</metadata>
</newsitem>
