<?xml version="1.0" encoding="iso-8859-1" ?>
<newsitem itemid="2765" id="root" date="1996-08-20" xml:lang="en">
<title>USA: Taylor Devices Inc FY full results.</title>
<headline>Taylor Devices Inc FY full results.</headline>
<dateline>NORTH TONAWANDA, N.Y. 1996-08-20</dateline>
<text>
<p>TAYLOR DEVICES INC.</p>
<p>			   Fiscal Year Ended May 31st.</p>
<p>				    1996		 1995</p>
<p> Net Revenues	    $8,916,836	 $8,069,154</p>
<p> Net Earnings		 612,321	    556,114</p>
<p> Earnings, per share	    .22		  .20</p>
<p> Shares outstanding     2,668,986	  2,653,748</p>
<p>-- New York Newsdesk 212 859-1610</p>
</text>
<copyright>(c) Reuters Limited 1996</copyright>
<metadata>
<codes class="bip:countries:1.0">
  <code code="USA">
    <editdetail attribution="Reuters BIP Coding Group" action="confirmed" date="1996-08-20"/>
  </code>
</codes>
<codes class="bip:industries:1.0">
  <code code="I32540">
    <editdetail attribution="Reuters BIP Coding Group" action="confirmed" date="1996-08-20"/>
  </code>
</codes>
<codes class="bip:topics:1.0">
  <code code="C15">
    <editdetail attribution="Reuters BIP Coding Group" action="confirmed" date="1996-08-20"/>
  </code>
  <code code="C151">
    <editdetail attribution="Reuters BIP Coding Group" action="confirmed" date="1996-08-20"/>
  </code>
  <code code="C1511">
    <editdetail attribution="Reuters BIP Coding Group" action="confirmed" date="1996-08-20"/>
  </code>
  <code code="CCAT">
    <editdetail attribution="Reuters BIP Coding Group" action="confirmed" date="1996-08-20"/>
  </code>
</codes>
<dc element="dc.date.created" value="1996-08-20"/>
<dc element="dc.publisher" value="Reuters Holdings Plc"/>
<dc element="dc.date.published" value="1996-08-20"/>
<dc element="dc.source" value="Reuters"/>
<dc element="dc.creator.location" value="NORTH TONAWANDA, N.Y."/>
<dc element="dc.creator.location.country.name" value="USA"/>
<dc element="dc.source" value="Reuters"/>
</metadata>
</newsitem>
