<?xml version="1.0" encoding="iso-8859-1" ?>
<newsitem itemid="2766" id="root" date="1996-08-20" xml:lang="en">
<title>USA: RESEARCH ALERT--Paribas starts Argentine utilities.</title>
<headline>RESEARCH ALERT--Paribas starts Argentine utilities.</headline>
<text>
<p>- Electricity spot prices will decline by 11 percent by 1999 and then stabilize at around $27.50 megawatts/hour, the firm said. That is 30 percent lower than the contractual prices both Central Puerto and Central Costanera currently enjoy.</p>
<p>- As a result, Central Puerto faces profit declines of 66 percent in 2000 and 48 percent in 2001, while Central Costanera's profits will likely fall 58 percent and 67 percent in those years, Paribas said.</p>
<p>-- Guillermo Hskel, Buenos Aires Newsroom, 541 318-0650</p>
</text>
<copyright>(c) Reuters Limited 1996</copyright>
<metadata>
<codes class="bip:countries:1.0">
  <code code="ARG">
    <editdetail attribution="Reuters BIP Coding Group" action="confirmed" date="1996-08-20"/>
  </code>
</codes>
<codes class="bip:industries:1.0">
  <code code="I16100">
    <editdetail attribution="Reuters BIP Coding Group" action="confirmed" date="1996-08-20"/>
  </code>
</codes>
<codes class="bip:topics:1.0">
  <code code="C15">
    <editdetail attribution="Reuters BIP Coding Group" action="confirmed" date="1996-08-20"/>
  </code>
  <code code="C152">
    <editdetail attribution="Reuters BIP Coding Group" action="confirmed" date="1996-08-20"/>
  </code>
  <code code="CCAT">
    <editdetail attribution="Reuters BIP Coding Group" action="confirmed" date="1996-08-20"/>
  </code>
</codes>
<dc element="dc.publisher" value="Reuters Holdings Plc"/>
<dc element="dc.date.published" value="1996-08-20"/>
<dc element="dc.source" value="Reuters"/>
<dc element="dc.creator.location.country.name" value="USA"/>
<dc element="dc.source" value="Reuters"/>
</metadata>
</newsitem>
