<?xml version="1.0" encoding="iso-8859-1" ?>
<newsitem itemid="2772" id="root" date="1996-08-20" xml:lang="en">
<title>USA: Gannett boosts quarterly payout to $0.36.</title>
<headline>Gannett boosts quarterly payout to $0.36.</headline>
<dateline>ARLINGTON, Va. 1996-08-20</dateline>
<text>
<p>Quarterly</p>
<p>			  Latest		     Prior</p>
<p> Amount		  $0.36		     $0.35</p>
<p> Pay		 October 1</p>
<p> Record		Sept 13</p>
<p>Note: Full name of company is Gannett Co Inc</p>
</text>
<copyright>(c) Reuters Limited 1996</copyright>
<metadata>
<codes class="bip:countries:1.0">
  <code code="USA">
    <editdetail attribution="Reuters BIP Coding Group" action="confirmed" date="1996-08-20"/>
  </code>
</codes>
<codes class="bip:industries:1.0">
  <code code="I47510">
    <editdetail attribution="Reuters BIP Coding Group" action="confirmed" date="1996-08-20"/>
  </code>
</codes>
<codes class="bip:topics:1.0">
  <code code="C15">
    <editdetail attribution="Reuters BIP Coding Group" action="confirmed" date="1996-08-20"/>
  </code>
  <code code="C151">
    <editdetail attribution="Reuters BIP Coding Group" action="confirmed" date="1996-08-20"/>
  </code>
  <code code="CCAT">
    <editdetail attribution="Reuters BIP Coding Group" action="confirmed" date="1996-08-20"/>
  </code>
</codes>
<dc element="dc.date.created" value="1996-08-20"/>
<dc element="dc.publisher" value="Reuters Holdings Plc"/>
<dc element="dc.date.published" value="1996-08-20"/>
<dc element="dc.source" value="Reuters"/>
<dc element="dc.creator.location" value="ARLINGTON, Va."/>
<dc element="dc.creator.location.country.name" value="USA"/>
<dc element="dc.source" value="Reuters"/>
</metadata>
</newsitem>
