<?xml version="1.0" encoding="iso-8859-1" ?>
<newsitem itemid="2773" id="root" date="1996-08-20" xml:lang="en">
<title>USA: Northrop protests Air Force contract.</title>
<headline>Northrop protests Air Force contract.</headline>
<dateline>LOS ANGELES 1996-08-20</dateline>
<text>
<p>Northrop Grumman Corp on Tuesday said it filed an official protest over the U.S. Air Force's decision to award a $620 million contract to rival defense firm Raytheon Co.</p>
<p>In a statement, the Los Angeles-based military manufacturer said the protest was filed on Monday with the General Accounting Office.</p>
<p>The protest involves a 11-year contract to build 213 Digital Airport Surveillance Radar Systems for the U.S. government. The Air Force awarded the contract to Raytheon earlier this month.</p>
<p>Based on a debriefing received last week, Northrop said it found &quot;errors&quot; and &quot;inconsistencies&quot; in the evaluation process that made it believe it should have been selected for the contract because its offering &quot;provides the best value for the U.S. government.&quot;</p>
<p>&quot;We do not understand the basis for the selection given that the government reported we met or exceeded all requirements for the system, with demonstrated past performance,&quot; the company said.</p>
</text>
<copyright>(c) Reuters Limited 1996</copyright>
<metadata>
<codes class="bip:countries:1.0">
  <code code="USA">
    <editdetail attribution="Reuters BIP Coding Group" action="confirmed" date="1996-08-20"/>
  </code>
</codes>
<codes class="bip:industries:1.0">
  <code code="I34430">
    <editdetail attribution="Reuters BIP Coding Group" action="confirmed" date="1996-08-20"/>
  </code>
  <code code="I36400">
    <editdetail attribution="Reuters BIP Coding Group" action="confirmed" date="1996-08-20"/>
  </code>
  <code code="I3640047">
    <editdetail attribution="Reuters BIP Coding Group" action="confirmed" date="1996-08-20"/>
  </code>
</codes>
<codes class="bip:topics:1.0">
  <code code="C33">
    <editdetail attribution="Reuters BIP Coding Group" action="confirmed" date="1996-08-20"/>
  </code>
  <code code="C331">
    <editdetail attribution="Reuters BIP Coding Group" action="confirmed" date="1996-08-20"/>
  </code>
  <code code="CCAT">
    <editdetail attribution="Reuters BIP Coding Group" action="confirmed" date="1996-08-20"/>
  </code>
</codes>
<dc element="dc.date.created" value="1996-08-20"/>
<dc element="dc.publisher" value="Reuters Holdings Plc"/>
<dc element="dc.date.published" value="1996-08-20"/>
<dc element="dc.source" value="Reuters"/>
<dc element="dc.creator.location" value="LOS ANGELES"/>
<dc element="dc.creator.location.country.name" value="USA"/>
<dc element="dc.source" value="Reuters"/>
</metadata>
</newsitem>
