<?xml version="1.0" encoding="iso-8859-1" ?>
<newsitem itemid="2778" id="root" date="1996-08-20" xml:lang="en">
<title>USA: Pan American wins tentative U.S. approval to fly.</title>
<headline>Pan American wins tentative U.S. approval to fly.</headline>
<dateline>WASHINGTON 1996-08-20</dateline>
<text>
<p>The U.S. Transportation Department on Tuesday gave its tentative approval for Pan American Airlines to fly again.</p>
<p>William Mosley, a department spokesman, said the new carrier operating under the Pan Am name was tentatively found fit to provide aviation services.</p>
<p>The department will make a final ruling after a 15-day comment period, Mosley said.</p>
<p>Miami businessman Chuck Cobb bought the Pan Am name and its familiar blue globe logo in 1993. Along with former Pan Am executive Martin Shugrue, he announced plans to restart the carrier as a small domestic airline.</p>
<p>The old Pan Am, an aviation pioneer, was founded in 1927. It went bankrupt in 1991 after years of losses.</p>
<p>Last month, the new Pan Am said it planned to start operating this summer with three aircraft on routes between Miami, New York, Chicago, Los Angeles and San Francisco.</p>
</text>
<copyright>(c) Reuters Limited 1996</copyright>
<metadata>
<codes class="bip:countries:1.0">
  <code code="USA">
    <editdetail attribution="Reuters BIP Coding Group" action="confirmed" date="1996-08-20"/>
  </code>
</codes>
<codes class="bip:industries:1.0">
  <code code="I75000">
    <editdetail attribution="Reuters BIP Coding Group" action="confirmed" date="1996-08-20"/>
  </code>
</codes>
<codes class="bip:topics:1.0">
  <code code="C13">
    <editdetail attribution="Reuters BIP Coding Group" action="confirmed" date="1996-08-20"/>
  </code>
  <code code="C16">
    <editdetail attribution="Reuters BIP Coding Group" action="confirmed" date="1996-08-20"/>
  </code>
  <code code="C21">
    <editdetail attribution="Reuters BIP Coding Group" action="confirmed" date="1996-08-20"/>
  </code>
  <code code="CCAT">
    <editdetail attribution="Reuters BIP Coding Group" action="confirmed" date="1996-08-20"/>
  </code>
</codes>
<dc element="dc.date.created" value="1996-08-20"/>
<dc element="dc.publisher" value="Reuters Holdings Plc"/>
<dc element="dc.date.published" value="1996-08-20"/>
<dc element="dc.source" value="Reuters"/>
<dc element="dc.creator.location" value="WASHINGTON"/>
<dc element="dc.creator.location.country.name" value="USA"/>
<dc element="dc.source" value="Reuters"/>
</metadata>
</newsitem>
