<?xml version="1.0" encoding="iso-8859-1" ?>
<newsitem itemid="2780" id="root" date="1996-08-20" xml:lang="en">
<title>USA: F&amp;M Bancorp to acquire Wisconsin bank.</title>
<headline>F&amp;M Bancorp to acquire Wisconsin bank.</headline>
<dateline>KAUKAUNA, Wis. 1996-08-20</dateline>
<text>
<p>F&amp;M Bancorp Inc will acquire State Bank of East Troy under a definitive agreement, the banks said on Tuesday.</p>
<p>State Bank of East Troy has assets of about $55 million and one location in East Troy, Wis., they said.</p>
<p>The transaction will result in shareholders of the bank's parent, East Troy Bancshares Inc, receiving F&amp;M Bancorp stock in an undisclosed amount, the banks said.</p>
<p>Completion is expected in the first quarter of 1997.</p>
<p>With the addition of State Bank of East Troy, F&amp;M Bancorp will serve customers through 50 locations in Wisconsin, with combined assets of more than $1.1 billion.</p>
<p>--Chicago Newsdesk, 312-408-8787</p>
</text>
<copyright>(c) Reuters Limited 1996</copyright>
<metadata>
<codes class="bip:countries:1.0">
  <code code="USA">
    <editdetail attribution="Reuters BIP Coding Group" action="confirmed" date="1996-08-20"/>
  </code>
</codes>
<codes class="bip:industries:1.0">
  <code code="I81402">
    <editdetail attribution="Reuters BIP Coding Group" action="confirmed" date="1996-08-20"/>
  </code>
</codes>
<codes class="bip:topics:1.0">
  <code code="C18">
    <editdetail attribution="Reuters BIP Coding Group" action="confirmed" date="1996-08-20"/>
  </code>
  <code code="C181">
    <editdetail attribution="Reuters BIP Coding Group" action="confirmed" date="1996-08-20"/>
  </code>
  <code code="CCAT">
    <editdetail attribution="Reuters BIP Coding Group" action="confirmed" date="1996-08-20"/>
  </code>
</codes>
<dc element="dc.date.created" value="1996-08-20"/>
<dc element="dc.publisher" value="Reuters Holdings Plc"/>
<dc element="dc.date.published" value="1996-08-20"/>
<dc element="dc.source" value="Reuters"/>
<dc element="dc.creator.location" value="KAUKAUNA, Wis."/>
<dc element="dc.creator.location.country.name" value="USA"/>
<dc element="dc.source" value="Reuters"/>
</metadata>
</newsitem>
