<?xml version="1.0" encoding="iso-8859-1" ?>
<newsitem itemid="2783" id="root" date="1996-08-20" xml:lang="en">
<title>USA: US manufacturers praise Fed for holding rates.</title>
<headline>US manufacturers praise Fed for holding rates.</headline>
<dateline>WASHINGTON 1996-08-20</dateline>
<text>
<p>The National Association of Manufacturers praised the Federal Reserve's decision Tuesday to hold interest rates steady and suggested the central bank consider cutting rates later in 1996 if growth slows sharply.</p>
<p>&quot;We now have stable inflation and real growth running below potential,&quot; Association President Jerry Jasinowski said in a statement. &quot;The Federal Reserve should keep rates where they are.</p>
<p>&quot;If the economy slows sharply later in the year, the Fed should consider cutting interest rates,&quot; he added.</p>
</text>
<copyright>(c) Reuters Limited 1996</copyright>
<metadata>
<codes class="bip:countries:1.0">
  <code code="USA">
    <editdetail attribution="Reuters BIP Coding Group" action="confirmed" date="1996-08-20"/>
  </code>
</codes>
<codes class="bip:topics:1.0">
  <code code="E12">
    <editdetail attribution="Reuters BIP Coding Group" action="confirmed" date="1996-08-20"/>
  </code>
  <code code="ECAT">
    <editdetail attribution="Reuters BIP Coding Group" action="confirmed" date="1996-08-20"/>
  </code>
</codes>
<dc element="dc.date.created" value="1996-08-20"/>
<dc element="dc.publisher" value="Reuters Holdings Plc"/>
<dc element="dc.date.published" value="1996-08-20"/>
<dc element="dc.source" value="Reuters"/>
<dc element="dc.creator.location" value="WASHINGTON"/>
<dc element="dc.creator.location.country.name" value="USA"/>
<dc element="dc.source" value="Reuters"/>
</metadata>
</newsitem>
