<?xml version="1.0" encoding="iso-8859-1" ?>
<newsitem itemid="2785" id="root" date="1996-08-20" xml:lang="en">
<title>USA: Dirty tanker fixtures and enquiries - 2233 GMT.</title>
<headline>Dirty tanker fixtures and enquiries - 2233 GMT.</headline>
<dateline>NEW YORK 1996-08-20</dateline>
<text>
<p>FIXTURES -</p>
<p>- WESTERN HEMISPHERE</p>
<p>Pioneer 79.5 31/8-2/9 E.C.Mexico/Lake Charles W112 Citgo.</p>
<p>Emily 72 28-29/9 Dos Bocas/USG W128 Ashland (failed).</p>
<p>Atlantia 7029/08 Mexico/USG $230,000 Pecten. (adds rate)</p>
<p>- MIDEAST/RED SEA</p>
<p>Vergina 82 3/9 Sidi Kerir/Genoa W92.5 Exxon.</p>
<p>-- New York Commodity Desk, 212 859-1640</p>
</text>
<copyright>(c) Reuters Limited 1996</copyright>
<metadata>
<codes class="bip:countries:1.0">
  <code code="USA">
    <editdetail attribution="Reuters BIP Coding Group" action="confirmed" date="1996-08-20"/>
  </code>
</codes>
<codes class="bip:topics:1.0">
  <code code="M14">
    <editdetail attribution="Reuters BIP Coding Group" action="confirmed" date="1996-08-20"/>
  </code>
  <code code="MCAT">
    <editdetail attribution="Reuters BIP Coding Group" action="confirmed" date="1996-08-20"/>
  </code>
</codes>
<dc element="dc.date.created" value="1996-08-20"/>
<dc element="dc.publisher" value="Reuters Holdings Plc"/>
<dc element="dc.date.published" value="1996-08-20"/>
<dc element="dc.source" value="Reuters"/>
<dc element="dc.creator.location" value="NEW YORK"/>
<dc element="dc.creator.location.country.name" value="USA"/>
<dc element="dc.source" value="Reuters"/>
</metadata>
</newsitem>
