<?xml version="1.0" encoding="iso-8859-1" ?>
<newsitem itemid="2788" id="root" date="1996-08-20" xml:lang="en">
<title>USA: NeoPharm Inc Q2 loss narrows.</title>
<headline>NeoPharm Inc Q2 loss narrows.</headline>
<dateline>LAKE FOREST, Ill. 1996-08-20</dateline>
<text>
<p>1996			1995</p>
<p> Shr	loss	    $0.07     loss	 $0.14</p>
<p> Net	loss		292     loss	   326</p>
<p> Revs			   nil			nil</p>
<p> Avg shrs		   4,025		    2,350</p>
<p>	  6  MONTHS</p>
<p> Shr	loss	    $0.19     loss	 $0.33</p>
<p> Net	loss		694     loss	   771</p>
<p> Revs			   nil			nil</p>
<p> Avg shrs		   3,745		    2,348</p>
<p>(All data above 000s except per share numbers)</p>
<p>NOTE: NeoPharm is a developmental stage company.</p>
<p>--Chicago newsdesk, 312-408-8787</p>
</text>
<copyright>(c) Reuters Limited 1996</copyright>
<metadata>
<codes class="bip:countries:1.0">
  <code code="USA">
    <editdetail attribution="Reuters BIP Coding Group" action="confirmed" date="1996-08-20"/>
  </code>
</codes>
<codes class="bip:topics:1.0">
  <code code="C15">
    <editdetail attribution="Reuters BIP Coding Group" action="confirmed" date="1996-08-20"/>
  </code>
  <code code="C151">
    <editdetail attribution="Reuters BIP Coding Group" action="confirmed" date="1996-08-20"/>
  </code>
  <code code="CCAT">
    <editdetail attribution="Reuters BIP Coding Group" action="confirmed" date="1996-08-20"/>
  </code>
</codes>
<dc element="dc.date.created" value="1996-08-20"/>
<dc element="dc.publisher" value="Reuters Holdings Plc"/>
<dc element="dc.date.published" value="1996-08-20"/>
<dc element="dc.source" value="Reuters"/>
<dc element="dc.creator.location" value="LAKE FOREST, Ill."/>
<dc element="dc.creator.location.country.name" value="USA"/>
<dc element="dc.source" value="Reuters"/>
</metadata>
</newsitem>
