<?xml version="1.0" encoding="iso-8859-1" ?>
<newsitem itemid="2791" id="root" date="1996-08-20" xml:lang="en">
<title>USA: Hyperion Telecommunications Inc Q1 EBITDA.</title>
<headline>Hyperion Telecommunications Inc Q1 EBITDA.</headline>
<dateline>COUDERSPORT, Pa. 1996-08-20</dateline>
<text>
<p>Data presented for the fiscal quarter ended:  6/30/96</p>
<p>			    Unaudited</p>
<p>			 North	Mid-     Mid-    Other    Total</p>
<p>			  East  Atlantic    South  Networks</p>
<p>FINANCIAL DATA</p>
<p>(dollars in thousands):</p>
<p> Total Revenue  $1,270.6    $344.5   $239.3 $1,077.4 $2,931.8</p>
<p>Total Capital Expenditures</p>
<p>		     1,176.5   2,583.1  1,610.5  2,444.3  7,814.4</p>
<p> Total EBITDA	215.0   (752.4)  (231.4)    726.0    (42.8)</p>
<p>Proportional Revenue(A)</p>
<p>			 706.1     139.4     77.9    307.6  1,231.0</p>
<p>Proportional Capital</p>
<p>Expenditures(A)</p>
<p>			 695.0     856.9    556.4    630.4  2,738.7</p>
<p>Proportional EBITDA(A)</p>
<p>			 (1.4)   (363.2)   (69.6)    199.7   (234.5)</p>
<p>STATISTICAL DATA</p>
<p>(additions for the quarter):</p>
<p> Route Miles	   311	  33	---	 93	437</p>
<p> Fiber Miles	14,942     1,589	---    4,452   20,983</p>
<p> Buildings Connected   5	  20	 25	 36	 86</p>
<p>LEC-COs collocated(B)</p>
<p>			   ---	  18	  7	---	 25</p>
<p>Voice Grade Equivalent</p>
<p>   Circuits	 47,114    14,571    1,052   30,835   93,572</p>
<p>(as of June 30, 1996)  Route Miles	   937	 699	364	647    2,647</p>
<p> Fiber Miles	44,990    33,557   17,472   31,044  127,063</p>
<p>Buildings connected</p>
<p>			   265	 189	157	297	908</p>
<p>LEC-COs collocated(B)</p>
<p>			     8	  30	 15	 16	 69</p>
<p>Voice Grade Equivalent</p>
<p>   Circuits	 94,008    59,088   36,408   90,360  279,864</p>
<p>(A) Represents portion of revenue attributable to the Company.</p>
<p>(B) Local Exchange Carriers central office.</p>
<p>Hyperion Telecommunications Inc is 89 percent-owned by Adelphia Communications Corp</p>
<p>-- New York Newsdesk   212-859-1610</p>
</text>
<copyright>(c) Reuters Limited 1996</copyright>
<metadata>
<codes class="bip:countries:1.0">
  <code code="USA">
    <editdetail attribution="Reuters BIP Coding Group" action="confirmed" date="1996-08-20"/>
  </code>
</codes>
<codes class="bip:industries:1.0">
  <code code="I9741109">
    <editdetail attribution="Reuters BIP Coding Group" action="confirmed" date="1996-08-20"/>
  </code>
</codes>
<codes class="bip:topics:1.0">
  <code code="C15">
    <editdetail attribution="Reuters BIP Coding Group" action="confirmed" date="1996-08-20"/>
  </code>
  <code code="C151">
    <editdetail attribution="Reuters BIP Coding Group" action="confirmed" date="1996-08-20"/>
  </code>
  <code code="CCAT">
    <editdetail attribution="Reuters BIP Coding Group" action="confirmed" date="1996-08-20"/>
  </code>
</codes>
<dc element="dc.date.created" value="1996-08-20"/>
<dc element="dc.publisher" value="Reuters Holdings Plc"/>
<dc element="dc.date.published" value="1996-08-20"/>
<dc element="dc.source" value="Reuters"/>
<dc element="dc.creator.location" value="COUDERSPORT, Pa."/>
<dc element="dc.creator.location.country.name" value="USA"/>
<dc element="dc.source" value="Reuters"/>
</metadata>
</newsitem>
