<?xml version="1.0" encoding="iso-8859-1" ?>
<newsitem itemid="2795" id="root" date="1996-08-20" xml:lang="en">
<title>USA: Roy F. Weston gets U.S. Army contract.</title>
<headline>Roy F. Weston gets U.S. Army contract.</headline>
<dateline>WEST CHESTER, Pa. 1996-08-20</dateline>
<text>
<p>Roy F. Weston Inc said on Tuesday the U.S. Army Corps of Engineers has granted the company three year contract with a maximum value of $15 million for environmental architect-engineer services.</p>
<p>Weston will conduct hazardous, toxic and radioactive waste investigations as well as engineering and remedial designs for military and civilian sites in the Mid-Atlantic states, the company said.</p>
</text>
<copyright>(c) Reuters Limited 1996</copyright>
<metadata>
<codes class="bip:countries:1.0">
  <code code="USA">
    <editdetail attribution="Reuters BIP Coding Group" action="confirmed" date="1996-08-20"/>
  </code>
</codes>
<codes class="bip:industries:1.0">
  <code code="I83700">
    <editdetail attribution="Reuters BIP Coding Group" action="confirmed" date="1996-08-20"/>
  </code>
</codes>
<codes class="bip:topics:1.0">
  <code code="C33">
    <editdetail attribution="Reuters BIP Coding Group" action="confirmed" date="1996-08-20"/>
  </code>
  <code code="C331">
    <editdetail attribution="Reuters BIP Coding Group" action="confirmed" date="1996-08-20"/>
  </code>
  <code code="CCAT">
    <editdetail attribution="Reuters BIP Coding Group" action="confirmed" date="1996-08-20"/>
  </code>
</codes>
<dc element="dc.date.created" value="1996-08-20"/>
<dc element="dc.publisher" value="Reuters Holdings Plc"/>
<dc element="dc.date.published" value="1996-08-20"/>
<dc element="dc.source" value="Reuters"/>
<dc element="dc.creator.location" value="WEST CHESTER, Pa."/>
<dc element="dc.creator.location.country.name" value="USA"/>
<dc element="dc.source" value="Reuters"/>
</metadata>
</newsitem>
