<?xml version="1.0" encoding="iso-8859-1" ?>
<newsitem itemid="2810" id="root" date="1996-08-20" xml:lang="en">
<title>USA: CompDent adopts shareholder rights plan.</title>
<headline>CompDent adopts shareholder rights plan.</headline>
<dateline>ATLANTA 1996-08-20</dateline>
<text>
<p>CompDent Corp said on Tuesday it adopted a rights plan designed to protect shareholders from abusive takeover tactics and from attempts to acquire control of the company at an inadequate price.</p>
<p>CompDent said the action was not taken in response to any specific effort to gain control of the company.</p>
<p>Under the plan, a dividend distribution of one right will be made for each outstanding share of common stock as of the close of business on September 4, 1996.</p>
<p>Each right entitles the holder to purchase shares of preferred stock equivalent to CompDent common stock with a value of twice the then-current exercise price of the right.</p>
<p>Initially, the rights are not exercisable and will trade automatically with the common stock.</p>
<p>The plan does not preclude the board from considering an offer to acquire all or part of the company if it believes the offer to be in the best interests of the shareholders, the company said.</p>
<p>CompDent is a provider of full-service dental-care plans.</p>
<p>The stock fell 1/2 to 38-1/2 in Nasdaq trading on Tuesday.</p>
</text>
<copyright>(c) Reuters Limited 1996</copyright>
<metadata>
<codes class="bip:countries:1.0">
  <code code="USA">
    <editdetail attribution="Reuters BIP Coding Group" action="confirmed" date="1996-08-20"/>
  </code>
</codes>
<codes class="bip:industries:1.0">
  <code code="I82000">
    <editdetail attribution="Reuters BIP Coding Group" action="confirmed" date="1996-08-20"/>
  </code>
</codes>
<codes class="bip:topics:1.0">
  <code code="C11">
    <editdetail attribution="Reuters BIP Coding Group" action="confirmed" date="1996-08-20"/>
  </code>
  <code code="C17">
    <editdetail attribution="Reuters BIP Coding Group" action="confirmed" date="1996-08-20"/>
  </code>
  <code code="C171">
    <editdetail attribution="Reuters BIP Coding Group" action="confirmed" date="1996-08-20"/>
  </code>
  <code code="CCAT">
    <editdetail attribution="Reuters BIP Coding Group" action="confirmed" date="1996-08-20"/>
  </code>
</codes>
<dc element="dc.date.created" value="1996-08-20"/>
<dc element="dc.publisher" value="Reuters Holdings Plc"/>
<dc element="dc.date.published" value="1996-08-20"/>
<dc element="dc.source" value="Reuters"/>
<dc element="dc.creator.location" value="ATLANTA"/>
<dc element="dc.creator.location.country.name" value="USA"/>
<dc element="dc.source" value="Reuters"/>
</metadata>
</newsitem>
