<?xml version="1.0" encoding="iso-8859-1" ?>
<newsitem itemid="2816" id="root" date="1996-08-20" xml:lang="en">
<title>USA: Noble Carl Norberg rig down for 90-120 days.</title>
<headline>Noble Carl Norberg rig down for 90-120 days.</headline>
<dateline>HOUSTON 1996-08-20</dateline>
<text>
<p>Noble Drilling Corp said that its Carl Norberg rig will be down for 90 to 120 days due to damage sustained on August 13.</p>
<p>Noble said the 250-foot rig was damaged due to operations by third party personnel on baord the rig. One Noble employee suffered burn injuries, but has been released from the hospital.</p>
<p>The company did not comment on the cost of the rig's downtime or the amount of damage sustained.</p>
<p>Noble said it carries insurance against rig damage, subject to a $1 million retention, and insurance against injuries to its employees.</p>
<p>The rig is currently located in Venezuela and contracted to Lagoven S.A.</p>
<p>-- New York Newsdesk 212-859-1610</p>
</text>
<copyright>(c) Reuters Limited 1996</copyright>
<metadata>
<codes class="bip:countries:1.0">
  <code code="USA">
    <editdetail attribution="Reuters BIP Coding Group" action="confirmed" date="1996-08-20"/>
  </code>
  <code code="VEN">
    <editdetail attribution="Reuters BIP Coding Group" action="confirmed" date="1996-08-20"/>
  </code>
</codes>
<codes class="bip:industries:1.0">
  <code code="I13000">
    <editdetail attribution="Reuters BIP Coding Group" action="confirmed" date="1996-08-20"/>
  </code>
  <code code="I1300003">
    <editdetail attribution="Reuters BIP Coding Group" action="confirmed" date="1996-08-20"/>
  </code>
</codes>
<codes class="bip:topics:1.0">
  <code code="C24">
    <editdetail attribution="Reuters BIP Coding Group" action="confirmed" date="1996-08-20"/>
  </code>
  <code code="CCAT">
    <editdetail attribution="Reuters BIP Coding Group" action="confirmed" date="1996-08-20"/>
  </code>
</codes>
<dc element="dc.date.created" value="1996-08-20"/>
<dc element="dc.publisher" value="Reuters Holdings Plc"/>
<dc element="dc.date.published" value="1996-08-20"/>
<dc element="dc.source" value="Reuters"/>
<dc element="dc.creator.location" value="HOUSTON"/>
<dc element="dc.creator.location.country.name" value="USA"/>
<dc element="dc.source" value="Reuters"/>
</metadata>
</newsitem>
