<?xml version="1.0" encoding="iso-8859-1" ?>
<newsitem itemid="2819" id="root" date="1996-08-20" xml:lang="en">
<title>USA: Ansonia Copper lowers price two cents to 108 cts.</title>
<headline>Ansonia Copper lowers price two cents to 108 cts.</headline>
<dateline>NEW YORK 1996-08-20</dateline>
<text>
<p>Ansonia Copper and Brass Inc said it revised metal values for all brass mill products except free-cutting brass rod to reflect copper at 108.00 cents a lb, a two-cent decrease, effective with August 21 shipments.</p>
<p>--New York Commodity Desk 212-859-1640</p>
</text>
<copyright>(c) Reuters Limited 1996</copyright>
<metadata>
<codes class="bip:countries:1.0">
  <code code="USA">
    <editdetail attribution="Reuters BIP Coding Group" action="confirmed" date="1996-08-20"/>
  </code>
</codes>
<codes class="bip:topics:1.0">
  <code code="M14">
    <editdetail attribution="Reuters BIP Coding Group" action="confirmed" date="1996-08-20"/>
  </code>
  <code code="M142">
    <editdetail attribution="Reuters BIP Coding Group" action="confirmed" date="1996-08-20"/>
  </code>
  <code code="MCAT">
    <editdetail attribution="Reuters BIP Coding Group" action="confirmed" date="1996-08-20"/>
  </code>
</codes>
<dc element="dc.date.created" value="1996-08-20"/>
<dc element="dc.publisher" value="Reuters Holdings Plc"/>
<dc element="dc.date.published" value="1996-08-20"/>
<dc element="dc.source" value="Reuters"/>
<dc element="dc.creator.location" value="NEW YORK"/>
<dc element="dc.creator.location.country.name" value="USA"/>
<dc element="dc.source" value="Reuters"/>
</metadata>
</newsitem>
