<?xml version="1.0" encoding="iso-8859-1" ?>
<newsitem itemid="2822" id="root" date="1996-08-20" xml:lang="en">
<title>USA: Spyglass lauches new web software version.</title>
<headline>Spyglass lauches new web software version.</headline>
<dateline>NAPERVILLE, Ill. 1996-08-20</dateline>
<text>
<p>Spyglass Inc said Tuesday it launched a new version of its Web Server Software Development Kit, which it said is the first to be fully compatible with both Microsoft Corp and UNIX platforms.</p>
<p>The software also provides improved features such as file caching and secure communications, Spyglass said.</p>
<p>Pricing for the software starts at $25,000, which includes 100 licenses and a one-year support and maintenance contract.</p>
<p>--Chicago newsdesk, 312-408-8787</p>
</text>
<copyright>(c) Reuters Limited 1996</copyright>
<metadata>
<codes class="bip:countries:1.0">
  <code code="USA">
    <editdetail attribution="Reuters BIP Coding Group" action="confirmed" date="1996-08-20"/>
  </code>
</codes>
<codes class="bip:industries:1.0">
  <code code="I33020">
    <editdetail attribution="Reuters BIP Coding Group" action="confirmed" date="1996-08-20"/>
  </code>
  <code code="I3302021">
    <editdetail attribution="Reuters BIP Coding Group" action="confirmed" date="1996-08-20"/>
  </code>
</codes>
<codes class="bip:topics:1.0">
  <code code="C22">
    <editdetail attribution="Reuters BIP Coding Group" action="confirmed" date="1996-08-20"/>
  </code>
  <code code="CCAT">
    <editdetail attribution="Reuters BIP Coding Group" action="confirmed" date="1996-08-20"/>
  </code>
</codes>
<dc element="dc.date.created" value="1996-08-20"/>
<dc element="dc.publisher" value="Reuters Holdings Plc"/>
<dc element="dc.date.published" value="1996-08-20"/>
<dc element="dc.source" value="Reuters"/>
<dc element="dc.creator.location" value="NAPERVILLE, Ill."/>
<dc element="dc.creator.location.country.name" value="USA"/>
<dc element="dc.source" value="Reuters"/>
</metadata>
</newsitem>
