<?xml version="1.0" encoding="iso-8859-1" ?>
<newsitem itemid="2823" id="root" date="1996-08-20" xml:lang="en">
<title>USA: AFTER THE BELL - Rexene shares slide.</title>
<headline>AFTER THE BELL - Rexene shares slide.</headline>
<dateline>NEW YORK 1996-08-20</dateline>
<text>
<p>Traders said shares of Rexene Corp fell after hours on Tuesday after Huntsman Corp said it would drop its offer to acquire the company.</p>
<p>Rexene stock fell 2-1/4 to 10-1/2, traders said. It had closed at 12-3/4 on the New York Stock Exchange, up 1/4 on the day.  </p>
<p>Privately held Huntsman said it is dropping a $460 million unsolicited bid for Rexene after two of its offers were rejected. Huntsman said it was washing its hands of the matter and would not launch a hostile tender offer for Rexene.</p>
<p>Traders said the after-hours market otherwise was quiet. CompuServe Corp posted first-quarter earnings but the stock did not move off its closing price of 13-1/2, down 1-/8 on the day.</p>
<p>The company reported a first-quarter operating loss of $0.19 per share compared to a profit of $0.36 per share the same period last year.  </p>
<p>The New York Stock Exchange said its session one volume was 9,100 shares compared to 32,200 shares on Monday. There was no session two volume compared to Monday's 101,300 share volume, the NYSE said.</p>
<p>The American Stock Exchange said there was no after-hours volume.</p>
<p>-- New York Newsdesk 212-859-1610</p>
</text>
<copyright>(c) Reuters Limited 1996</copyright>
<metadata>
<codes class="bip:countries:1.0">
  <code code="USA">
    <editdetail attribution="Reuters BIP Coding Group" action="confirmed" date="1996-08-20"/>
  </code>
</codes>
<codes class="bip:industries:1.0">
  <code code="I25140">
    <editdetail attribution="Reuters BIP Coding Group" action="confirmed" date="1996-08-20"/>
  </code>
  <code code="I83940">
    <editdetail attribution="Reuters BIP Coding Group" action="confirmed" date="1996-08-20"/>
  </code>
</codes>
<codes class="bip:topics:1.0">
  <code code="C15">
    <editdetail attribution="Reuters BIP Coding Group" action="confirmed" date="1996-08-20"/>
  </code>
  <code code="C152">
    <editdetail attribution="Reuters BIP Coding Group" action="confirmed" date="1996-08-20"/>
  </code>
  <code code="CCAT">
    <editdetail attribution="Reuters BIP Coding Group" action="confirmed" date="1996-08-20"/>
  </code>
  <code code="M11">
    <editdetail attribution="Reuters BIP Coding Group" action="confirmed" date="1996-08-20"/>
  </code>
  <code code="MCAT">
    <editdetail attribution="Reuters BIP Coding Group" action="confirmed" date="1996-08-20"/>
  </code>
</codes>
<dc element="dc.date.created" value="1996-08-20"/>
<dc element="dc.publisher" value="Reuters Holdings Plc"/>
<dc element="dc.date.published" value="1996-08-20"/>
<dc element="dc.source" value="Reuters"/>
<dc element="dc.creator.location" value="NEW YORK"/>
<dc element="dc.creator.location.country.name" value="USA"/>
<dc element="dc.source" value="Reuters"/>
</metadata>
</newsitem>
