<?xml version="1.0" encoding="iso-8859-1" ?>
<newsitem itemid="2824" id="root" date="1996-08-20" xml:lang="en">
<title>USA: Wolf Creek says Kansas nuke back by Wed.</title>
<headline>Wolf Creek says Kansas nuke back by Wed.</headline>
<dateline>NEW YORK 1996-08-20</dateline>
<text>
<p>Wolf Creek Nuclear Operating Corp expects its 1,200 megawatt nuclear power plant at Burlington, Kansas, to reach full production late Tuesday or early Wednesday, a company spokeswoman said.</p>
<p>The plant briefly reached 100 percent output late Monday after reducing power to repair a crack in the &quot;B&quot; main feedwater pump system, but was forced to again reduce power early Tuesday to correct a problem with the &quot;A&quot; main feedwater pump, spokeswoman Mona Grimsley said.</p>
<p>&quot;It looks like we will be able to get the problem fixed and be back at 100 percent tonight or early tomorrow,&quot; Grimsley said Tuesday.</p>
<p>The unit was operating at 55-60 percent of its electrical production capacity as of Tuesday afternoon, she said.</p>
<p>Wolf Creek is 47 percent owned by Kansas City Power &amp; Light Co, 47 percent by KGE, a Western Resources Inc subsidiary, and six percent by Kansas Electric Power Cooperative Inc.</p>
<p>-- New York Power Desk 212-859-1627</p>
</text>
<copyright>(c) Reuters Limited 1996</copyright>
<metadata>
<codes class="bip:countries:1.0">
  <code code="USA">
    <editdetail attribution="Reuters BIP Coding Group" action="confirmed" date="1996-08-20"/>
  </code>
</codes>
<codes class="bip:industries:1.0">
  <code code="I16100">
    <editdetail attribution="Reuters BIP Coding Group" action="confirmed" date="1996-08-20"/>
  </code>
  <code code="I1610109">
    <editdetail attribution="Reuters BIP Coding Group" action="confirmed" date="1996-08-20"/>
  </code>
</codes>
<codes class="bip:topics:1.0">
  <code code="C21">
    <editdetail attribution="Reuters BIP Coding Group" action="confirmed" date="1996-08-20"/>
  </code>
  <code code="C24">
    <editdetail attribution="Reuters BIP Coding Group" action="confirmed" date="1996-08-20"/>
  </code>
  <code code="CCAT">
    <editdetail attribution="Reuters BIP Coding Group" action="confirmed" date="1996-08-20"/>
  </code>
</codes>
<dc element="dc.date.created" value="1996-08-20"/>
<dc element="dc.publisher" value="Reuters Holdings Plc"/>
<dc element="dc.date.published" value="1996-08-20"/>
<dc element="dc.source" value="Reuters"/>
<dc element="dc.creator.location" value="NEW YORK"/>
<dc element="dc.creator.location.country.name" value="USA"/>
<dc element="dc.source" value="Reuters"/>
</metadata>
</newsitem>
