<?xml version="1.0" encoding="iso-8859-1" ?>
<newsitem itemid="2826" id="root" date="1996-08-20" xml:lang="en">
<title>USA: Duty Free International Inc Q2 net rises.</title>
<headline>Duty Free International Inc Q2 net rises.</headline>
<dateline>RIDGEFIELD, Conn. 1996-08-20</dateline>
<text>
<p>1996			1995</p>
<p> Shr			  $0.22		    $0.17</p>
<p> Net			  6,009		    4,516</p>
<p> Revs		     140,754		  130,359</p>
<p> Avg shrs		  27,275		   27,244</p>
<p>(All data above 000s except per share numbers)  </p>
<p>	   6 MONTHS</p>
<p> Shr			  $0.30		    $0.22</p>
<p> Net			  8,191		    5,982</p>
<p> Revs		     258,733		  239,707</p>
<p> Avg shrs		  27,272		   27,244</p>
<p>(All data above 000s except per share numbers)</p>
<p>NOTE: Period ended July 28 vs July 30.</p>
</text>
<copyright>(c) Reuters Limited 1996</copyright>
<metadata>
<codes class="bip:countries:1.0">
  <code code="USA">
    <editdetail attribution="Reuters BIP Coding Group" action="confirmed" date="1996-08-20"/>
  </code>
</codes>
<codes class="bip:industries:1.0">
  <code code="I76400">
    <editdetail attribution="Reuters BIP Coding Group" action="confirmed" date="1996-08-20"/>
  </code>
</codes>
<codes class="bip:topics:1.0">
  <code code="C15">
    <editdetail attribution="Reuters BIP Coding Group" action="confirmed" date="1996-08-20"/>
  </code>
  <code code="C151">
    <editdetail attribution="Reuters BIP Coding Group" action="confirmed" date="1996-08-20"/>
  </code>
  <code code="CCAT">
    <editdetail attribution="Reuters BIP Coding Group" action="confirmed" date="1996-08-20"/>
  </code>
</codes>
<dc element="dc.date.created" value="1996-08-20"/>
<dc element="dc.publisher" value="Reuters Holdings Plc"/>
<dc element="dc.date.published" value="1996-08-20"/>
<dc element="dc.source" value="Reuters"/>
<dc element="dc.creator.location" value="RIDGEFIELD, Conn."/>
<dc element="dc.creator.location.country.name" value="USA"/>
<dc element="dc.source" value="Reuters"/>
</metadata>
</newsitem>
