<?xml version="1.0" encoding="iso-8859-1" ?>
<newsitem itemid="2828" id="root" date="1996-08-20" xml:lang="en">
<title>USA: Longs Drug Stores Inc Q2 shr rises.</title>
<headline>Longs Drug Stores Inc Q2 shr rises.</headline>
<dateline>WALNUT CREEK, Calif. 1996-08-20</dateline>
<text>
<p>Quarter Ended  Two Quarters Ended</p>
<p>			  7/25/96	7/27/95   7/25/96    7/27/95</p>
<p>					     (unaudited)</p>
<p>					   (thousands except per share)</p>
<p> SALES		$ 681,503  $  646,359 $1,346,911 $1,286,160</p>
<p>COSTS AND EXPENSES:</p>
<p>Cost of Merchandise</p>
<p>   Sold		  499,784     475,347   984,361    945,916</p>
<p>Operating and</p>
<p>   Administrative    122,898     115,574   245,436    230,051</p>
<p> Occupancy		36,409	34,652    71,254     67,303</p>
<p>INCOME BEFORE TAXES</p>
<p>   ON INCOME	    22,412	20,786    45,860     42,890</p>
<p> TAXES ON INCOME	 8,900	 8,300    18,300     17,100</p>
<p> NET INCOME	     13,512	12,486    27,560     25,790</p>
<p>Earnings Per</p>
<p>   Common Share	   0.69	  0.62	1.39	 1.26</p>
<p>Weighted Average Number</p>
<p>of Common Shares</p>
<p>   Outstanding	  19,711	20,274    19,790     20,450</p>
<p> Condensed Balance Sheets			 7/25/96   7/27/95</p>
</text>
<copyright>(c) Reuters Limited 1996</copyright>
<metadata>
<codes class="bip:countries:1.0">
  <code code="USA">
    <editdetail attribution="Reuters BIP Coding Group" action="confirmed" date="1996-08-20"/>
  </code>
</codes>
<codes class="bip:industries:1.0">
  <code code="I64300">
    <editdetail attribution="Reuters BIP Coding Group" action="confirmed" date="1996-08-20"/>
  </code>
</codes>
<codes class="bip:topics:1.0">
  <code code="C17">
    <editdetail attribution="Reuters BIP Coding Group" action="confirmed" date="1996-08-20"/>
  </code>
  <code code="C171">
    <editdetail attribution="Reuters BIP Coding Group" action="confirmed" date="1996-08-20"/>
  </code>
  <code code="CCAT">
    <editdetail attribution="Reuters BIP Coding Group" action="confirmed" date="1996-08-20"/>
  </code>
</codes>
<dc element="dc.date.created" value="1996-08-20"/>
<dc element="dc.publisher" value="Reuters Holdings Plc"/>
<dc element="dc.date.published" value="1996-08-20"/>
<dc element="dc.source" value="Reuters"/>
<dc element="dc.creator.location" value="WALNUT CREEK, Calif."/>
<dc element="dc.creator.location.country.name" value="USA"/>
<dc element="dc.source" value="Reuters"/>
</metadata>
</newsitem>
