<?xml version="1.0" encoding="iso-8859-1" ?>
<newsitem itemid="2830" id="root" date="1996-08-20" xml:lang="en">
<title>USA: Okabena holds 7.13 pct Telident stake.</title>
<headline>Okabena holds 7.13 pct Telident stake.</headline>
<dateline>WASHINGTON 1996-08-20</dateline>
<text>
<p>Okabena Partnership K, a Minnesota general partnership said on Tuesday it holds a 7.13 percent stake in Telident Inc, or 431,333 common shares.</p>
<p>In a filing with the Securities and Exchange Commission, Okabena said the stake included the purchase of 85,000 common shares on August 15 at a price of $3 per share.</p>
<p>Okabena said it bought the stock for investment purposes.</p>
</text>
<copyright>(c) Reuters Limited 1996</copyright>
<metadata>
<codes class="bip:countries:1.0">
  <code code="USA">
    <editdetail attribution="Reuters BIP Coding Group" action="confirmed" date="1996-08-20"/>
  </code>
</codes>
<codes class="bip:industries:1.0">
  <code code="I34410">
    <editdetail attribution="Reuters BIP Coding Group" action="confirmed" date="1996-08-20"/>
  </code>
</codes>
<codes class="bip:topics:1.0">
  <code code="C18">
    <editdetail attribution="Reuters BIP Coding Group" action="confirmed" date="1996-08-20"/>
  </code>
  <code code="C181">
    <editdetail attribution="Reuters BIP Coding Group" action="confirmed" date="1996-08-20"/>
  </code>
  <code code="CCAT">
    <editdetail attribution="Reuters BIP Coding Group" action="confirmed" date="1996-08-20"/>
  </code>
</codes>
<dc element="dc.date.created" value="1996-08-20"/>
<dc element="dc.publisher" value="Reuters Holdings Plc"/>
<dc element="dc.date.published" value="1996-08-20"/>
<dc element="dc.source" value="Reuters"/>
<dc element="dc.creator.location" value="WASHINGTON"/>
<dc element="dc.creator.location.country.name" value="USA"/>
<dc element="dc.source" value="Reuters"/>
</metadata>
</newsitem>
