<?xml version="1.0" encoding="iso-8859-1" ?>
<newsitem itemid="2832" id="root" date="1996-08-20" xml:lang="en">
<title>USA: Goldman sees fundamental strength in Italian lira.</title>
<headline>Goldman sees fundamental strength in Italian lira.</headline>
<dateline>NEW YORK 1996-08-20</dateline>
<text>
<p>The fundamentals for the lira remain strong and active traders should sell marks and buy lira if the cross rate falls below 1014 lira, Goldman, Sachs and Co said on Tuesday.</p>
<p>In the event of any new EMU or French franc inspired currency turmoil, they advised longer-term investors to buy the Italian currency if the mark should rise to 1038/1040 lira.  </p>
<p>&quot;Breaks of 1014 should be followed by active players, whilst any move back to the 1038/1040 area represents an excellent opportunity for longer term players,&quot; Goldman said in its Weekly Analyst, dated August 20.</p>
<p>A break below 1000 lira would open up a target of at least 980 lira, Goldman said.</p>
<p>Goldman cited the &quot;cheapness&quot; of the lira, and declining inflation among the reasons the lira remains a &quot;sound investment&quot;.</p>
<p>And they added: &quot;We still look for a September ERM entry for the lira with a 975 to 1000.0 mid-point against the mark.&quot;</p>
<p>At 1700 EDT/2100 GMT on Wednesday, mark/lira was trading at 1019.75/0.25.</p>
<p>-- Alden Bentley 212-859-1667</p>
</text>
<copyright>(c) Reuters Limited 1996</copyright>
<metadata>
<codes class="bip:countries:1.0">
  <code code="ITALY">
    <editdetail attribution="Reuters BIP Coding Group" action="confirmed" date="1996-08-20"/>
  </code>
  <code code="USA">
    <editdetail attribution="Reuters BIP Coding Group" action="confirmed" date="1996-08-20"/>
  </code>
</codes>
<codes class="bip:topics:1.0">
  <code code="M13">
    <editdetail attribution="Reuters BIP Coding Group" action="confirmed" date="1996-08-20"/>
  </code>
  <code code="M132">
    <editdetail attribution="Reuters BIP Coding Group" action="confirmed" date="1996-08-20"/>
  </code>
  <code code="MCAT">
    <editdetail attribution="Reuters BIP Coding Group" action="confirmed" date="1996-08-20"/>
  </code>
</codes>
<dc element="dc.date.created" value="1996-08-20"/>
<dc element="dc.publisher" value="Reuters Holdings Plc"/>
<dc element="dc.date.published" value="1996-08-20"/>
<dc element="dc.source" value="Reuters"/>
<dc element="dc.creator.location" value="NEW YORK"/>
<dc element="dc.creator.location.country.name" value="USA"/>
<dc element="dc.source" value="Reuters"/>
</metadata>
</newsitem>
