<?xml version="1.0" encoding="iso-8859-1" ?>
<newsitem itemid="2833" id="root" date="1996-08-20" xml:lang="en">
<title>USA: Compuserve Q1 oper loss vs profit.</title>
<headline>Compuserve Q1 oper loss vs profit.</headline>
<dateline>COLUMBUS, Ohio 1996-08-20</dateline>
<text>
<p>COMPUSERVE CORPORATION</p>
<p>			 CONSOLIDATED STATEMENTS OF OPERATIONS</p>
<p>(AMOUNTS IN THOUSANDS, EXCEPT SHARE AND PER SHARE DATA)</p>
<p>						   3 Months Ended July 31</p>
<p>							 1996	   1995</p>
<p>REVENUES</p>
<p>   Online Services revenues		 $141,414     $134,192</p>
<p>   Network Services revenues		  59,278	 45,064</p>
<p>   Other revenues				  7,950	  7,293</p>
<p>     TOTAL REVENUES			    208,642	186,549</p>
<p>COSTS AND EXPENSES</p>
<p>   Costs of revenues			   139,696	 82,230</p>
<p>   Marketing					59,031	 27,577</p>
<p>   General and administrative		  9,494	  9,633</p>
<p>   Depreciation and amortization	    26,853	 14,522</p>
<p>   Product development			   7,056	  6,982</p>
<p>   Nonrecurring items			   17,713	     --</p>
<p>     TOTAL COSTS AND EXPENSES		259,843	140,944</p>
<p> OPERATING EARNINGS/(LOSS)		  (51,201)	 45,605</p>
<p> INTEREST INCOME				   3,131	     --</p>
<p> EARNINGS/(LOSS) BEFORE TAXES	     (48,070)	 45,605</p>
<p> TAXES ON EARNINGS/(LOSS)		   (18,455)	 18,770</p>
<p> NET EARNINGS/(LOSS)			 ( 29,615)	 26,835</p>
<p> EARNINGS/(LOSS) PER SHARE		   ( 0.32)	   0.36</p>
<p>WEIGHTED AVERAGE COMMON SHARES</p>
<p>   OUTSTANDING				92,600,000   74,200,000</p>
<p>NOTE - First quarter net income included a one-time pre-tax charge of $17.7 million, or $0.13 per share. After tax, the charge was $12.5 million.</p>
</text>
<copyright>(c) Reuters Limited 1996</copyright>
<metadata>
<codes class="bip:countries:1.0">
  <code code="USA">
    <editdetail attribution="Reuters BIP Coding Group" action="confirmed" date="1996-08-20"/>
  </code>
</codes>
<codes class="bip:industries:1.0">
  <code code="I83940">
    <editdetail attribution="Reuters BIP Coding Group" action="confirmed" date="1996-08-20"/>
  </code>
</codes>
<codes class="bip:topics:1.0">
  <code code="C15">
    <editdetail attribution="Reuters BIP Coding Group" action="confirmed" date="1996-08-20"/>
  </code>
  <code code="C151">
    <editdetail attribution="Reuters BIP Coding Group" action="confirmed" date="1996-08-20"/>
  </code>
  <code code="CCAT">
    <editdetail attribution="Reuters BIP Coding Group" action="confirmed" date="1996-08-20"/>
  </code>
</codes>
<dc element="dc.date.created" value="1996-08-20"/>
<dc element="dc.publisher" value="Reuters Holdings Plc"/>
<dc element="dc.date.published" value="1996-08-20"/>
<dc element="dc.source" value="Reuters"/>
<dc element="dc.creator.location" value="COLUMBUS, Ohio"/>
<dc element="dc.creator.location.country.name" value="USA"/>
<dc element="dc.source" value="Reuters"/>
</metadata>
</newsitem>
