<?xml version="1.0" encoding="iso-8859-1" ?>
<newsitem itemid="2835" id="root" date="1996-08-20" xml:lang="en">
<title>USA: Citizens Utilities sets stock dividend.</title>
<headline>Citizens Utilities sets stock dividend.</headline>
<dateline>STAMFORD, Conn. 1996-08-20</dateline>
<text>
<p>Citizens Utilities Co said its board of directors set a 1.6 percent third-quarter stock dividend on the company's outstanding Series A and Series B common stock.</p>
<p>The stock dividend is payable September 30 to shareholders of record on September 3, Citizens Utilities said.</p>
<p>The company said the stock dividend has a cash equivalent of 18-5/8 cents.</p>
<p>Citizens Utilities said the stock dividend rates for the first three quarters of 1996 totalled 4.8 percent, compared with 4.6 percent for the 1995 corresponding period.</p>
</text>
<copyright>(c) Reuters Limited 1996</copyright>
<metadata>
<codes class="bip:countries:1.0">
  <code code="USA">
    <editdetail attribution="Reuters BIP Coding Group" action="confirmed" date="1996-08-20"/>
  </code>
</codes>
<codes class="bip:industries:1.0">
  <code code="I16000">
    <editdetail attribution="Reuters BIP Coding Group" action="confirmed" date="1996-08-20"/>
  </code>
</codes>
<codes class="bip:topics:1.0">
  <code code="C15">
    <editdetail attribution="Reuters BIP Coding Group" action="confirmed" date="1996-08-20"/>
  </code>
  <code code="C151">
    <editdetail attribution="Reuters BIP Coding Group" action="confirmed" date="1996-08-20"/>
  </code>
  <code code="C17">
    <editdetail attribution="Reuters BIP Coding Group" action="confirmed" date="1996-08-20"/>
  </code>
  <code code="C171">
    <editdetail attribution="Reuters BIP Coding Group" action="confirmed" date="1996-08-20"/>
  </code>
  <code code="CCAT">
    <editdetail attribution="Reuters BIP Coding Group" action="confirmed" date="1996-08-20"/>
  </code>
</codes>
<dc element="dc.date.created" value="1996-08-20"/>
<dc element="dc.publisher" value="Reuters Holdings Plc"/>
<dc element="dc.date.published" value="1996-08-20"/>
<dc element="dc.source" value="Reuters"/>
<dc element="dc.creator.location" value="STAMFORD, Conn."/>
<dc element="dc.creator.location.country.name" value="USA"/>
<dc element="dc.source" value="Reuters"/>
</metadata>
</newsitem>
