<?xml version="1.0" encoding="iso-8859-1" ?>
<newsitem itemid="2837" id="root" date="1996-08-20" xml:lang="en">
<title>USA: Bay has 9.31 pct Mississippi View stake.</title>
<headline>Bay has 9.31 pct Mississippi View stake.</headline>
<dateline>WASHINGTON 1996-08-20</dateline>
<text>
<p>Bay Pond Partners L.P. said Tuesday it holds a 9.31 percent stake in Mississippi View Holding Co or 89,200 common shares.</p>
<p>In a filing with the Securities and Exchange Commission, Bay Pond said its latest transactions included the purchase of 22,500 shares on May 7 at a price of $11.3125 per share.</p>
</text>
<copyright>(c) Reuters Limited 1996</copyright>
<metadata>
<codes class="bip:countries:1.0">
  <code code="USA">
    <editdetail attribution="Reuters BIP Coding Group" action="confirmed" date="1996-08-20"/>
  </code>
</codes>
<codes class="bip:topics:1.0">
  <code code="C18">
    <editdetail attribution="Reuters BIP Coding Group" action="confirmed" date="1996-08-20"/>
  </code>
  <code code="C181">
    <editdetail attribution="Reuters BIP Coding Group" action="confirmed" date="1996-08-20"/>
  </code>
  <code code="CCAT">
    <editdetail attribution="Reuters BIP Coding Group" action="confirmed" date="1996-08-20"/>
  </code>
</codes>
<dc element="dc.date.created" value="1996-08-20"/>
<dc element="dc.publisher" value="Reuters Holdings Plc"/>
<dc element="dc.date.published" value="1996-08-20"/>
<dc element="dc.source" value="Reuters"/>
<dc element="dc.creator.location" value="WASHINGTON"/>
<dc element="dc.creator.location.country.name" value="USA"/>
<dc element="dc.source" value="Reuters"/>
</metadata>
</newsitem>
