<?xml version="1.0" encoding="iso-8859-1" ?>
<newsitem itemid="2844" id="root" date="1996-08-20" xml:lang="en">
<title>USA: CMC Industries Inc Q4 net vs loss.</title>
<headline>CMC Industries Inc Q4 net vs loss.</headline>
<dateline>SANTA CLARA, Calif. 1996-08-20</dateline>
<text>
<p>CMC Industries, Inc.</p>
<p>		 Condensed Consolidated Statements of Income</p>
<p>		   (in thousands, except per share data)</p>
<p>			    Three months ended  Twelve months ended</p>
<p>					July 31,	     July 31,</p>
<p>				     1996    1995	 1996     1995</p>
<p> Net sales		    $41,377 $33,604   $164,711 $144,303</p>
<p> Cost of sales		 37,990  32,142    153,956  136,691</p>
<p> Gross Profit		   3,387   1,462     10,755    7,612</p>
<p>Selling, general and</p>
<p>  administrative expenses   2,278   1,746	8,251    7,062</p>
<p>Nonrecurring charges for</p>
<p>  restructuring		     0	 0	  792	  0</p>
<p> Operating Income (Loss)    1,109   (284)	1,712	550</p>
<p> Interest expense, net	  334     339	1,512    1,561</p>
<p>Income (Loss) Before</p>
<p>  Income Taxes		    775   (623)	  200  (1,011)</p>
<p>Provision (Benefit) for</p>
<p>  income taxes		    295   (230)	   95  (1,051)</p>
<p> Net income (loss)		480   (393)	  105	 40</p>
<p>Net income (loss)</p>
<p>  per common share	     0.07  (0.06)	 0.02     0.01</p>
<p>Weighted average shares</p>
<p>  outstanding		   6,856   6,247	6,449    6,253</p>
</text>
<copyright>(c) Reuters Limited 1996</copyright>
<metadata>
<codes class="bip:countries:1.0">
  <code code="USA">
    <editdetail attribution="Reuters BIP Coding Group" action="confirmed" date="1996-08-20"/>
  </code>
</codes>
<codes class="bip:industries:1.0">
  <code code="I34400">
    <editdetail attribution="Reuters BIP Coding Group" action="confirmed" date="1996-08-20"/>
  </code>
</codes>
<codes class="bip:topics:1.0">
  <code code="C15">
    <editdetail attribution="Reuters BIP Coding Group" action="confirmed" date="1996-08-20"/>
  </code>
  <code code="C151">
    <editdetail attribution="Reuters BIP Coding Group" action="confirmed" date="1996-08-20"/>
  </code>
  <code code="C1511">
    <editdetail attribution="Reuters BIP Coding Group" action="confirmed" date="1996-08-20"/>
  </code>
  <code code="CCAT">
    <editdetail attribution="Reuters BIP Coding Group" action="confirmed" date="1996-08-20"/>
  </code>
</codes>
<dc element="dc.date.created" value="1996-08-20"/>
<dc element="dc.publisher" value="Reuters Holdings Plc"/>
<dc element="dc.date.published" value="1996-08-20"/>
<dc element="dc.source" value="Reuters"/>
<dc element="dc.creator.location" value="SANTA CLARA, Calif."/>
<dc element="dc.creator.location.country.name" value="USA"/>
<dc element="dc.source" value="Reuters"/>
</metadata>
</newsitem>
