<?xml version="1.0" encoding="iso-8859-1" ?>
<newsitem itemid="2846" id="root" date="1996-08-20" xml:lang="en">
<title>USA: William Greenberg Jr. Q2 shr loss widens.</title>
<headline>William Greenberg Jr. Q2 shr loss widens.</headline>
<dateline>NEW YORK 1996-08-20</dateline>
<text>
<p>WILLIAM GREENBERG JR. DESSERTS AND CAFES INC</p>
<p>								   Pro forma</p>
<p> Quarter ended June 30,	    1996	 1995	(a)1995</p>
<p> Revenues			   $946,776	   --     741,252</p>
<p> Net income (loss)	    ( 582,577)  ( 21,920)  ( 271,708)</p>
<p> Net income (loss) per share   ( 0.22)    ( 0.01)     ( 0.10)</p>
<p> Weighted average shares     2,723,404  1,563,830   2,723,404</p>
<p>								   Pro forma</p>
<p> Six Months ended June 30,	 1996	  1995     (a)1995</p>
<p> Revenues			 $1,772,566	    -- $1,426,824</p>
<p> Net income (loss)	 ( 1,133,676)   ( 41,533)  ( 561,337)</p>
<p> Net income (loss) per share   ( 0.42)     ( 0.03)    ( 0.21)</p>
<p> Weighted average shares     2,723,404   1,583,830  2,723,404</p>
<p>NOTE: (a) - Pro forma figures treat the acquisition of Greenberg's LP as if it had occurred on January 1, 1995.</p>
<p>-- New York Newsdesk, 212 859-1610</p>
</text>
<copyright>(c) Reuters Limited 1996</copyright>
<metadata>
<codes class="bip:countries:1.0">
  <code code="USA">
    <editdetail attribution="Reuters BIP Coding Group" action="confirmed" date="1996-08-20"/>
  </code>
</codes>
<codes class="bip:topics:1.0">
  <code code="C15">
    <editdetail attribution="Reuters BIP Coding Group" action="confirmed" date="1996-08-20"/>
  </code>
  <code code="C151">
    <editdetail attribution="Reuters BIP Coding Group" action="confirmed" date="1996-08-20"/>
  </code>
  <code code="CCAT">
    <editdetail attribution="Reuters BIP Coding Group" action="confirmed" date="1996-08-20"/>
  </code>
</codes>
<dc element="dc.date.created" value="1996-08-20"/>
<dc element="dc.publisher" value="Reuters Holdings Plc"/>
<dc element="dc.date.published" value="1996-08-20"/>
<dc element="dc.source" value="Reuters"/>
<dc element="dc.creator.location" value="NEW YORK"/>
<dc element="dc.creator.location.country.name" value="USA"/>
<dc element="dc.source" value="Reuters"/>
</metadata>
</newsitem>
