<?xml version="1.0" encoding="iso-8859-1" ?>
<newsitem itemid="2848" id="root" date="1996-08-20" xml:lang="en">
<title>USA: Patlex Corp shareholders OK reorganization.</title>
<headline>Patlex Corp shareholders OK reorganization.</headline>
<dateline>NEW YORK 1996-08-20</dateline>
<text>
<p>Patlex Corp's shareholders on Tuesday approved a previously announced reorganization of the company into a new holding company to be called DBT Online Inc.</p>
<p>The new holding company will be traded on the Nasdaq under the symbol, &quot;DBTO.&quot;</p>
<p>Shareholders also approved the merger of a subsidiary of OBT Online with Database Technologies Inc of Florida, a private company that provides online access to public records.  </p>
<p>Under the terms of the reorganization, holders of Patlex common stock will receive one share of DBT Oncline stock.</p>
<p>Under the terms of the merger, holders of Database Technologies shares will receive about 2.95 shares of DBT Online stock for each DBT share.</p>
</text>
<copyright>(c) Reuters Limited 1996</copyright>
<metadata>
<codes class="bip:countries:1.0">
  <code code="USA">
    <editdetail attribution="Reuters BIP Coding Group" action="confirmed" date="1996-08-20"/>
  </code>
</codes>
<codes class="bip:industries:1.0">
  <code code="I33020">
    <editdetail attribution="Reuters BIP Coding Group" action="confirmed" date="1996-08-20"/>
  </code>
  <code code="I3302021">
    <editdetail attribution="Reuters BIP Coding Group" action="confirmed" date="1996-08-20"/>
  </code>
  <code code="I34400">
    <editdetail attribution="Reuters BIP Coding Group" action="confirmed" date="1996-08-20"/>
  </code>
  <code code="I81502">
    <editdetail attribution="Reuters BIP Coding Group" action="confirmed" date="1996-08-20"/>
  </code>
  <code code="I8150206">
    <editdetail attribution="Reuters BIP Coding Group" action="confirmed" date="1996-08-20"/>
  </code>
</codes>
<codes class="bip:topics:1.0">
  <code code="C11">
    <editdetail attribution="Reuters BIP Coding Group" action="confirmed" date="1996-08-20"/>
  </code>
  <code code="C18">
    <editdetail attribution="Reuters BIP Coding Group" action="confirmed" date="1996-08-20"/>
  </code>
  <code code="C181">
    <editdetail attribution="Reuters BIP Coding Group" action="confirmed" date="1996-08-20"/>
  </code>
  <code code="CCAT">
    <editdetail attribution="Reuters BIP Coding Group" action="confirmed" date="1996-08-20"/>
  </code>
</codes>
<dc element="dc.date.created" value="1996-08-20"/>
<dc element="dc.publisher" value="Reuters Holdings Plc"/>
<dc element="dc.date.published" value="1996-08-20"/>
<dc element="dc.source" value="Reuters"/>
<dc element="dc.creator.location" value="NEW YORK"/>
<dc element="dc.creator.location.country.name" value="USA"/>
<dc element="dc.source" value="Reuters"/>
</metadata>
</newsitem>
