<?xml version="1.0" encoding="iso-8859-1" ?>
<newsitem itemid="2852" id="root" date="1996-08-20" xml:lang="en">
<title>USA: Jenny Craig Q4 shr rises.</title>
<headline>Jenny Craig Q4 shr rises.</headline>
<dateline>DEL MAR, Calif. 1996-08-20</dateline>
<text>
<p>1996			1995</p>
<p> Shr			  $0.36		    $0.22</p>
<p> Net			  7,824		    5,593</p>
<p> Revs		     104,641		   98,232</p>
<p> Avg shrs		  20,856		   25,196</p>
<p>	  12 MONTHS</p>
<p> Shr			  $0.95		    $0.46</p>
<p> Net			 22,912		   11,772</p>
<p> Revs		     401,018		  378,093</p>
<p> Avg shrs		  20,856		   25,196</p>
<p>(All data above 000s except per share numbers)</p>
</text>
<copyright>(c) Reuters Limited 1996</copyright>
<metadata>
<codes class="bip:countries:1.0">
  <code code="USA">
    <editdetail attribution="Reuters BIP Coding Group" action="confirmed" date="1996-08-20"/>
  </code>
</codes>
<codes class="bip:industries:1.0">
  <code code="I95100">
    <editdetail attribution="Reuters BIP Coding Group" action="confirmed" date="1996-08-20"/>
  </code>
</codes>
<codes class="bip:topics:1.0">
  <code code="C15">
    <editdetail attribution="Reuters BIP Coding Group" action="confirmed" date="1996-08-20"/>
  </code>
  <code code="C151">
    <editdetail attribution="Reuters BIP Coding Group" action="confirmed" date="1996-08-20"/>
  </code>
  <code code="C1511">
    <editdetail attribution="Reuters BIP Coding Group" action="confirmed" date="1996-08-20"/>
  </code>
  <code code="CCAT">
    <editdetail attribution="Reuters BIP Coding Group" action="confirmed" date="1996-08-20"/>
  </code>
</codes>
<dc element="dc.date.created" value="1996-08-20"/>
<dc element="dc.publisher" value="Reuters Holdings Plc"/>
<dc element="dc.date.published" value="1996-08-20"/>
<dc element="dc.source" value="Reuters"/>
<dc element="dc.creator.location" value="DEL MAR, Calif."/>
<dc element="dc.creator.location.country.name" value="USA"/>
<dc element="dc.source" value="Reuters"/>
</metadata>
</newsitem>
