<?xml version="1.0" encoding="iso-8859-1" ?>
<newsitem itemid="2856" id="root" date="1996-08-20" xml:lang="en">
<title>USA: Philip Morris says will defend against suit.</title>
<headline>Philip Morris says will defend against suit.</headline>
<dateline>NEW YORK 1996-08-20</dateline>
<text>
<p>Philip Morris on Tuesday criticized the Kansas attorney general's decision to join a growing list of states filing lawsuits against tobacco firms, seeking to recover Medicaid money spent on tobacco-related illnesses.</p>
<p>Philip Morris said Kansas Attorney General Carla Stovall is seeking to use the courts to &quot;legislate public policy on tobacco.&quot;</p>
<p>Philip Morris is one of nine companies named in the lawsuit.  </p>
<p>&quot;In her zealousness to jump on the bandwagon, the attorney general has ignored the fact that the state has no viaable legal basis upon which to sue the cigarette manufacturers,&quot; said Gregory Little, a lawyer for Philip Morris.</p>
<p>&quot;The law does not follow what is perceived by some to be politically correct, and ultimately the state of Kansas will lose and in the process waste millions of taxpayer dollars in time and costs,&quot; he added.</p>
</text>
<copyright>(c) Reuters Limited 1996</copyright>
<metadata>
<codes class="bip:countries:1.0">
  <code code="USA">
    <editdetail attribution="Reuters BIP Coding Group" action="confirmed" date="1996-08-20"/>
  </code>
</codes>
<codes class="bip:industries:1.0">
  <code code="I42900">
    <editdetail attribution="Reuters BIP Coding Group" action="confirmed" date="1996-08-20"/>
  </code>
</codes>
<codes class="bip:topics:1.0">
  <code code="C12">
    <editdetail attribution="Reuters BIP Coding Group" action="confirmed" date="1996-08-20"/>
  </code>
  <code code="CCAT">
    <editdetail attribution="Reuters BIP Coding Group" action="confirmed" date="1996-08-20"/>
  </code>
  <code code="GCAT">
    <editdetail attribution="Reuters BIP Coding Group" action="confirmed" date="1996-08-20"/>
  </code>
  <code code="GCRIM">
    <editdetail attribution="Reuters BIP Coding Group" action="confirmed" date="1996-08-20"/>
  </code>
</codes>
<dc element="dc.date.created" value="1996-08-20"/>
<dc element="dc.publisher" value="Reuters Holdings Plc"/>
<dc element="dc.date.published" value="1996-08-20"/>
<dc element="dc.source" value="Reuters"/>
<dc element="dc.creator.location" value="NEW YORK"/>
<dc element="dc.creator.location.country.name" value="USA"/>
<dc element="dc.source" value="Reuters"/>
</metadata>
</newsitem>
