<?xml version="1.0" encoding="iso-8859-1" ?>
<newsitem itemid="2858" id="root" date="1996-08-20" xml:lang="en">
<title>USA: Cardinal names McWhinney as Allied pres.</title>
<headline>Cardinal names McWhinney as Allied pres.</headline>
<dateline>DUBLIN, Ohio 1996-08-20</dateline>
<text>
<p>Cardinal Health Inc said on Tuesday it named Bruce McWhinney as president of its Allied Pharmacy Service Inc unit, effective October 1.</p>
<p>The company said McWhinney has experience in pharmacy management, having served as director of pharmacy for the Cleveland Clinic Foundation for the last two years. He previously served as chief of pharmacy for the University of Pittsburgh Medical Center for six years.</p>
</text>
<copyright>(c) Reuters Limited 1996</copyright>
<metadata>
<codes class="bip:countries:1.0">
  <code code="USA">
    <editdetail attribution="Reuters BIP Coding Group" action="confirmed" date="1996-08-20"/>
  </code>
</codes>
<codes class="bip:industries:1.0">
  <code code="I61000">
    <editdetail attribution="Reuters BIP Coding Group" action="confirmed" date="1996-08-20"/>
  </code>
</codes>
<codes class="bip:topics:1.0">
  <code code="C41">
    <editdetail attribution="Reuters BIP Coding Group" action="confirmed" date="1996-08-20"/>
  </code>
  <code code="C411">
    <editdetail attribution="Reuters BIP Coding Group" action="confirmed" date="1996-08-20"/>
  </code>
  <code code="CCAT">
    <editdetail attribution="Reuters BIP Coding Group" action="confirmed" date="1996-08-20"/>
  </code>
</codes>
<dc element="dc.date.created" value="1996-08-20"/>
<dc element="dc.publisher" value="Reuters Holdings Plc"/>
<dc element="dc.date.published" value="1996-08-20"/>
<dc element="dc.source" value="Reuters"/>
<dc element="dc.creator.location" value="DUBLIN, Ohio"/>
<dc element="dc.creator.location.country.name" value="USA"/>
<dc element="dc.source" value="Reuters"/>
</metadata>
</newsitem>
